track_id,user_id,title,album_title,artist,year,genre,song_checksum,image_checksum,song_path,image_path
1,21,Bluetooth Sleep Headphones,Bluetooth Sleep Headphones,Tersina Ebourne,2013,Country,cAEEAA96a93f9dBEfAAbaA0dDf0D0Cd3e1Ec0AA5Bc79bA1AdBecaa1AddbF7a9d,fD1d10bc0f7cfc8ec3Afbfc21ce35cac94F4aF9C3bfB5BBDE7047adcC76dF8aF,/animi/graecis.xlsx,/imperii/nec/libidinum/nec/legimus.yml
2,88,Portable Water Filter,Portable Water Filter,Gawen Watson-Brown,1997,Funk,08bbDC3C0DF81cA4dbcc47ba43dba7F7BdED4daB9EfcBBFdAABEeaE21cE8cEF8,547fFD9DDe7d8bafDc8dbdD57f4c1EEa2fDcD6bAD8b6dEe2Ae8ea5c93BedbedD,/aliquando/contrariis.psm1,/declinabunt/nullae/umquam/cohaerescent/mutat.ps1
3,19,Smart Air Purifier,Smart Air Purifier,Alf Curtiss,2019,Blues,ccdADBc8E1b093d037Fee066CeF3B1b5bBCC3ed1b88DeeA1F4d2ea85EbBEac0B,E7Fd477aEABadEaAeb8B6fBcAdEfAA4fd8093BBa6Befa3DDAdAD4bCcfdC07B9f,/artibus/quas/qui/tenent/conformavit.deb,/quodsi/acri.msh1
4,64,LED Desk Lamp,LED Desk Lamp,Neal Alekhov,1919,Soul,FAdffaaBc0cFFf12ECdbA6fCAa85ddc2afdABAcE43dD4fBC2D4DDaeCaC3F4bED,debbeFf0EFD2fC8FDAfb1CFfd3ab5a464D3D7CE1ebC9e0BeED6fC76bEED5Df36,/conclusionemque/quo.rar,/enim/esse/omnino/in/nostris/aut.ods
5,47,Eco-Friendly Yoga Blocks,Eco-Friendly Yoga Blocks,Suzanna Elwell,1950,Classical,D89Cec0e1a08CECCDeF9BF42cafEb407D0d3eeFC84d7F1D1baec0fadde16fecC,F9D3d0fFAfefCd4FA29EADDfAdABdfD3eea1A10ab7FAbbbC4708AB4E2dAf3b3E,/tollatur/error/omnis/imperitorum/quae.css,/aut/molestiam/plus/aut/ad/successionem.nrg
6,12,Spinach and Feta Wraps,Spinach and Feta Wraps,Bernadine Vivien,1973,Metal,7554a3aDfD7E78279dbE8A76cC38EecBFa92dFA2CD6792dcc28ffCbCAAdD2C2e,Ad5fbdfACfc4b6Aa5deCbA72fC4FaAf34d9eEddEdacEFFcf8DC0fdfD03a531De,/quales/eius/voluptatem.img,/mente/consedit/hoc/ipso/ortum.xhtml
7,63,Chili Beans in Sauce,Chili Beans in Sauce,Ninon Fake,1946,Jazz,b2b5BaeaaFd1baf240e0f4FDCaEeC212abDB89E03ed43Cec4Ee5E8E3DFE7EEFA,5639BAafcdeabd5d6CA6ECFBC4F5bEFAD875CA79e9FBBf77bCa2fa1D5cb2afFc,/erat/umquam/controversia/quid/ego/dolores.asp,/quid/t/torquatus/lictores.csr
8,67,Watercolor Brush Pens,Watercolor Brush Pens,Carri Lapree,2015,Pop,E9F0FC8Df82E6fBb53AEADBBacB01fF7BACcd2DDeb0019B3cF2b69540EBaB4B4,191E558Ec9a3EF5F9B5Dd3DAFf238DCfABc5fc2Fea29d9D5fCAA84E2b1A68eA2,/faciendumve/sit/sed/stare/minorem.cue,/dolore/ferreum.wav
9,56,Beef Sirloin Steak,Beef Sirloin Steak,Chadd Berthouloume,1910,Country,4d874FC9CCAfFa1AaCe1ea4fd4FF32DA9Ed3EDfafbbee420F63e14B3f0A18d40,fBb4EbBFa6E7EbC8DBB89d4a58C02d0566C9df5F33b934eEA1dbcC089Cd1fAC8,/disciplinis/diceretur/persecuti/sumus/ut/mel.iso,/privatione/doloris/putat/epicurus/inmensae.aac
10,81,Handheld Garment Steamer,Handheld Garment Steamer,Timothea Atcock,1913,Folk,aEAfde1eEbef2e9AfdBe8bAea2E91FDBce4ba6EaC0Dd8AfFAdfe771bF7df7Ffd,24ac5BaEB2ACE9cAeB5DA5eB1eAc01E4f4fe6f8d92Dcd1CA550404DaE6AE58A0,/medium/videretur/putat.mds,/ab/industria/sed/voluptate.tar
11,95,Pet Training Clicker,Pet Training Clicker,Timi Westney,1991,Jazz,B35DAC2FcBCEffF4c36BfAAfCbAAcc1AEf4F63CAF1AcdACAfCBfB1D8aacbCbaA,f3eCf3BAcEeeFaA05aaeCfdB50CFd3Fe96Da6e6dE71B0f1EDFFe407Df40E00Fb,/solum/itaque.zip,/et/semper/sollicitant/turbulentaeque/docui.mov
12,77,Ginger Turmeric Shots,Ginger Turmeric Shots,Clara Westell,1991,Rock,a91Af78dCBbe56FebdaceFdfee14bABbCF7AFfdCa71558Afc0D7DBf86D8EffD2,5bd951dFfD1F829D7DD0df77cF46cEcfabe82abaFbEddEABdcfE802F2B40A9eb,/cum/c/quae.conf,/ad/beatam.bmp
13,3,Roasted Sweet Corn,Roasted Sweet Corn,Ritchie Dakers,1960,Soul,CAAEbeC0A7aC5CDac5AaACDAABf6f07Ea2FfCBCE4A36ABE5CeCA5f7168F3DB5F,61Da519ABa7eeBdBE7b26dD3ead1bae41E64EC7F557baC5cb2349b505DAaaEFf,/cognitionem/divina/illa/ingenia/omne.dbx,/earum/rerum/sine.pfx
14,43,Pumpkin Puree,Pumpkin Puree,Joshuah Galbreath,1955,Metal,c178EabcaCbFfbab1Ad5bEfabAe8AAf4D2FfEEBFD87F2CCE92cc1f0f8Ebc7FFe,cA8A3B20d49fc8b53Cc1cdfB7b5Edd71EDe8c8D3CfdE356CA4Be51eE1ADAdfFc,/est/nam/si/omnes/atomi/voluptatis.toml,/omnium/metu.desktop
15,53,Italian Herbal Seasoning,Italian Herbal Seasoning,Dede Feldhuhn,1925,Classical,E9CDdDEFccBE4Effe1ecFDb3aAAF94abDb60ccD9Acbcaf11CBb56DcFff98D413,3CE794bf3aEaCBbbBBCFf1C2cEFa5fdF8c3E2bCa8572FdCaACaDCEf06DA1acfF,/multavit//si/sine/et.jks,/eo/perciperet/corpore/voluptatem/aut/voluptatis.avi
16,25,Foldable Picnic Table,Foldable Picnic Table,Gwenette Gooday,1980,R&B,eAdCF9AdF2aCd5c17D3fDDcFCbfFAB8FdAc4Cb2FEFde870Fec61a3730ddEcD3A,aEFE57A2EbfF45aAEAbE7CFd43bc770D1df7D5AEdd0AAC1FE9Ed88655f879ebc,/arbitrium/quietae.psm1,/enim/ad/minim/aliquam.mds
17,65,Raisin Cinnamon Granola,Raisin Cinnamon Granola,Ora Madgin,1925,R&B,F1dbcEadBaCEAdBaB47Ef2BADEEebd8fb7EAeEB5394eB5CeccDf1E4D6FDCdaCE,dc9FCE6Be2EbFE865aECa5aCBDfDc63a8adcaffd88309A6f4bBCEAEFf5Ba1dBe,/a/nostris/de/amicitia/est.aac,/non/probes/principio/tamen.txt
18,48,Organic Fruit Salad,Organic Fruit Salad,Philly Nurse,1986,Electronic,eaFeDf8bEFBccCd4CEBF34E2AEdA97034Ed9BACA93aaA1EAcF0CFfC1AdDB8deB,cB9CBbCCDAfb2bc04EfA8EDBF7FC4F18c3EdE17e7Cdc9fE0cCccdEFAbDBe19c4,/cum/voluptate/ut/ab/extremo.scf,/postulet/non/intellegunt/aut.bat
19,26,Classic Bagels,Classic Bagels,Linell Stibbs,2024,Soul,aEB2a51BfB7b83cBC1885B4cd78A96eb02AecE8f2e3afcCe6ADe16aDAdcCde0D,a5AC8E4cfD15E6ABdA8F6EdCffffDDfe2FC948c0ccbEB482dfcAfBfb73AfD08c,/maximam/adipiscuntur/praetermittenda/sunt.gpg,/dolor/doloris/omnis/privatio/recte/ipsa.mkv
20,36,Nutty Trail Mix,Nutty Trail Mix,Launce Moulding,2009,Reggae,f3aEFec3cDdCc7E7b4d0AFFd6Bb5aF2b91AC0d2EFdF4F93Ba4d8CeBaAf382Afb,eeaCcCfaBf6db2AdfeF4BEAE54D3BE05dbdAcEB7fFedF1C14dEAECDcDfEACCAB,/minuti/et/angusti/aut/caecilii.odp,/vel/illum/qui/dolorem/ipsum/late.odg
21,44,Non-Stick Grill Pan,Non-Stick Grill Pan,Lewes Sumption,1924,Folk,abd3C65beF8aADBdFb34cddfABcfaF86d66ecF057d9013fF7DBA8bC2ddbD3Eaa,DeC6DFbEc9efFff20DeFbDffAA3df86E57ab94ef081DFB53cA7A8CF5daBCAdD9,/semper/utens/nihil/quieti/videre/posset.url,/tam/cum.mp4
22,15,Digital Wireless Camera,Digital Wireless Camera,Con Mundle,1939,Hip-hop,Edd3A7df1B1AdEB2ad60713F295B8C413cB8E6D13bbdAEf90d8855cC2db7FcD8,62eAeEDC5EAd6D9CaB5edC2f46D2f9Ff1c9F092EBCD4FdeDcF5AFEeb9fd7AF3A,/adhuc/contra.toml,/nisi/est.svg
23,52,Chia Seed Pudding Mix,Chia Seed Pudding Mix,Marna Locks,1967,Blues,a5C3433f9924a8728BebbBcDf0202DdAb5BAfaEfbfDF2d8DFFcd6cEC4f0f10bc,D6afF1cadBEAbEb1cE9bDA129fAdDbFFCc2c4eBCbe53edaB0cB588a1f8ecf289,/e/vituperata.crt,/etiam/voluptas.bmp
24,83,Rechargeable Electric Screwdriver,Rechargeable Electric Screwdriver,Kyla Iorizzo,2014,Pop,BadFf9ccB78e9DA2CaA7Eadf59A302ce2aaFAA5a89fbB1F4073fE7Db4Cf01DFa,EACB329EDEb49fED8e10fd20Febf9eDDF2EFbf2C9cBdEDEbeed9Edf86AADEC9d,/perturbatur/aut.desktop,/inopem/ut/de.rar
25,37,Portable Charcoal Grill,Portable Charcoal Grill,Myrtie Pallin,1946,Metal,aB97Ae3a1EB7Bb2794CBedc4385ddc8Fb90c6Aed2FAab60Efdcf5BEd9bAbeBCe,B71B74c997eDDdacC7D58C552fd1babfB1C1A878FF4bbdeCbD3bE7Ef6e24EdDF,/admonitionem/altera/occulta/quaedam/et/aut.cer,/optabilem/sed/quia/vivatur.psm1
26,28,Whipped Cream Cheese,Whipped Cream Cheese,Lucho Seed,1972,R&B,d18C5BFEcB2eAecFbc890e45cfCED20613aCAf569BCde1C3d59dfAe0Ceb0cCc9,Fab5c8DCd2FfbdCe450faFdcFb0Fcb427fd1828BbBB9AD3d025dfFaB9BEc9B2b,/voluptate/quaeri/de/qua/epicurus/sine.xls,/esse/si/fore.rtf
27,80,Portable Blender,Portable Blender,Rosina Ryrie,1921,Indie,1FD53ae9f2A9baFFBcB5Fd4ca91DBeD5F3Ae3cdB0BBEfAA5Dbda7Ece24C0f6AA,Af3A6B5D5Bcc4d4cCFa4fCAFC9DBef27dCfD5f7D4F210fFE20BB3C16dFbD6EbE,/ipsa/illae.gpg,/quam/splendido/nomine/si.pssc
28,50,Stainless Steel Travel Mug,Stainless Steel Travel Mug,Merla Ratray,2007,Country,dd9eAfA360FeaEDfDE9aaEC5Bb9EbfAefA79c7D7caF6FddC8DBaBa273eB3dbbb,4c0eEc4c8eEcD2F41cCFfBceE90EabbbBCfDCBbf0fdAFbCd39FCDFb05BDA8eEd,/sint/unum/vel.psm1,/imperio/quales/eius/maiores/contenta.html
29,90,Pet Food Storage Container,Pet Food Storage Container,Jaquenetta Girling,1923,Soul,aAC5A84A10DBdd61319cE7d4Aa0BABad02a51f95DfEb2BE5eACaf9dFafA6Bc9a,Ca2dc1bDeB0fFcEa0ba53cfea20eAFFF28F3DEF4aCd0DECCbef2dA34FDb5febb,/mundus/gaudemus.odt,/videtur/cuius.xlsx
30,78,Trainers with Mesh Inserts,Trainers with Mesh Inserts,Sorcha Beetham,2013,Pop,b1FfB0BdEBcb26FA03A7D8234aF1FfAf67E6CB0b6F4Eecf9dABDCe67dab1130D,EC61d97AeAEdcBEdcBebfEfcFd08CCbCfD34bcd16cEFE37D4CeeCFe5e8AfC8E1,/animi/omnium/declarant.jpg,/contineri/malum.aspx
31,59,Rechargeable Electric Toothbrush,Rechargeable Electric Toothbrush,Odele Efford,1974,Funk,E83a0dCA24eD5BeaeAbeFEcAEfccBAe003cd7bfDdC2a4CBafCcc7DDdaE3a9c22,7dCFCa0a2BBFa6bC275cECdACEA0a9911480D6fbdaEA79fa1CD4a15104e9Cebd,/exquisitis/rationibus/confirmare/eorum.xz,/tum/id/quod/sentiant/utroque.mdb
32,5,Pasta Sauce Mix,Pasta Sauce Mix,Carlie Beamond,1925,Blues,8b1530FfAf70B62fDBF3eBD5c97beA0DC4eaA5aEFde4aDFFDFaa5afbAd2dDd6b,7A5FcaD9EB0D0EffcFFAF9B7ACE9bfb5EB5baa3f9d9bFdEfB0F0FAECfFE3Ad2C,/dolorem/pariant/has/optari/motu.bat,/l/torquato/homine/omni/minimum.dmg
33,13,Wireless Music Receiver,Wireless Music Receiver,Roberto Smoote,1904,Blues,f6bfAeafdf96bcEFCfd3Bc8dff70536EEaBA2772e7a60E944D5F580bffAbdFF3,17d004CDdc6E4FC6fac2dBb8Fd68D4A2a8922C082150AE3DaC4Eba65da95BdEE,/error/sit/divitiarum.img,/afferrent/quo/iucundius/id/est/omnis.odf
34,49,Pumpkin Pancake Mix,Pumpkin Pancake Mix,Savina Fernandez,2014,Country,eD3dc5980bb9CbeBdfE876eEbf377a4dae0CbaE2b1eF8AEab84Ea53ec2A1Aaa1,dF8a7bfe1bB83e87d6CAbAfbab5BED2CCBD2d57EB34A2e4364Fbb4df9b6dBEC9,/vita/quae.bat,/ocurreret/sententia.wma
35,69,Lemon Lime Sparkling Water,Lemon Lime Sparkling Water,Levon Dray,1987,Folk,9b6ee8Ecd9Fe8f79CCBEaBb0Da2d6F0DaFC9cfFdFff60fc5b1CdB7bdeeC8c95A,DCfACbA0EB6CC6fafAb8b78CAddB452Cc4AB92EFAbd36fB2ceADDBDBa0ACDaB6,/angusta/quam/magnos/quantaque/amoris/nihil.png,/tantopere/quaerendum/pars.pssc
36,18,Garden Tool Set with Carrying Bag,Garden Tool Set with Carrying Bag,Kendricks Bunton,2007,Disco,eed56CAf6B5EFE0fabAc5DffFe4BdDffDCA148b5dFBda11E8FbFF4BBC91Fdafb,cEAFDECCfFbD1CDfeabCbE1eC8fCD8EAEbCAE6DBB92BA6753d2fA8fCf23CaAaa,/praeceptrice/in/autem.mds,/posse/iudicare/arbitrarer/plura/suscepi/omnes.txt
37,20,Luxury Bathrobe,Luxury Bathrobe,Mohandis Tollerton,1949,EDM,20b859BAEb6BBF8cc5FDCcEa2D065f7FC5E031Af2dbD4F23f56D3dBad0D4bbBa,a0Ebb1b3C3fDe5Eafd9BfdeF98A5A3cee9Aa88FA399F02bfaA9A3bceEbBADafC,/quam/nihil/molestiae/sermo.mdb,/leniter/ipsi.csr
38,10,Adjustable Laptop Desk,Adjustable Laptop Desk,Auberta Orr,1961,Rock,bf6b29533E5C4f0ac5FaACdd2A0FbFA4dEeBfB4baf1eFcda93Ccb5c5fACf496b,E03EE9Ac6Ce34a2f9FEDBD9A5E789Ff4dFddADA57298dEd3dBbEec2FfDB79Dd0,/solido/ab.jks,/traditur/restat/locus/huic/administrari.doc
39,55,Travel Makeup Organizer,Travel Makeup Organizer,Mitchel Cahani,1974,Classical,c34E92AAE80beddd4cb76CEfCb877aD6C8a4ec9B1ba0FFf15ADfF3f1b8DaB88f,EE801eABCf7fED8ee3beCFD2AabBBFbccbccECEE80F0648C0FAe79fd007EcC2F,/tamen/laudandis/maioribus/aut.db,/iis/quidem/non/admodum/flagitem/recte.doc
40,85,High-Quality Yoga Block,High-Quality Yoga Block,Patton Cappel,1924,Metal,3ada1eC8E5eeb0d6D5dbEebc7507A8D7ccDfdaebbFbafb5EC86B6b4f2E9e62c9,2EfeffECDcbb87Be929cF78F66dBf8cE7c288FafcaB085F6E05d9aEff6DbBeca,/e/fonte/naturae/si/et.iso,/rebus/expetendis/quid/mors.keystore
41,75,Coconut Flakes,Coconut Flakes,Desiree Sibary,1924,Hip-hop,Ed5526BB34F8Cf9FF9BcdfaDC51EAFca15BAFCDBd2Feea6AaADdfA6AB72E74fC,0566A9BF54cAcB9B6cFfAcfEa0eBEcEb0c2c9CB4DE6a7da16FcD5BcC4BD7fA8E,/voluptate/neque/enim/arbitrium.asp,/mutat/ea/corrumpit/quae/sequitur/qui.gpg
42,97,Oversized Denim Shirt,Oversized Denim Shirt,Susi Raden,1933,Soul,bCFBbCF01dC9CDDE5C03ABBADBcFefbEA4dD2Afdad8BebAeE9fcbbDB7A0afDCB,cccBe91a221FEF01E9ee6Fc2a3fA0fBaAFBC5FA4d2aFa2534CcDfBCDc917acAa,/sed/etiam/cogitemus/infinitio/ipsa/nisi.sql,/beateque/vivendo/a/et.db
43,96,Comfortable Jogger Pants,Comfortable Jogger Pants,Gustavo Simononsky,1940,Disco,4b0BFbD7bBF2F8dDffdCac2c2cb0aD6bFBDbb2eddfFcDf42fB98AFECd6C23AAa,CaaF57d4B0C0BE71631aaaBD9c0fD1eBFBA8CecEdaD36151E85FCd0BED25acEd,/constituamus/aliquem/magnis/multis/e.crt,/horreat/nec/praeteritas/voluptates/effluere/aut.html
44,62,Artisan Cornbread Mix,Artisan Cornbread Mix,Tabbatha Grinikhinov,1926,Rock,Af05FFD8f9F7fFdFE0ceABcDAbCfbeBE8C6CAee4E07C04DbDaEb3bef8D848685,D3f9bbb227EBB22B3cbb19dBbCDcE3A68AdaDbbb6decfBFa7cdD2e53c040a5aD,//quod/et/posse/maiestatis.jsp,/eo/et/gravissimas/ut.jpeg
45,73,Cheddar Cheese Crackers,Cheddar Cheese Crackers,Trip Paulusch,2023,Disco,2cbe67fc6Cbd6F1Fedb569DdCf6aeffdAeAD5f3Ea22CCcA39c8DefDbf59c628C,3BFF3eDbf6fF6FE2aF3FFe4bdEC02e8a6AEb9A8BFCFcdCaCe5E4aE4CD5c887DF,/vitae/dicta/sunt/explicabo/nemo/ad.wav,/sollicitudines/quibus/eorum/animi/esse.ods
46,16,Almond Quinoa Salad,Almond Quinoa Salad,Whitman Joint,1994,Pop,d54A9F5fcdbD7736A67B7fdBC7D96ccA4ae183EDFc604C47FeBA9beDAcCFF08F,e4EDdB62BdBe7Ac63aEDAe5FFfecfB120cEe0312eAECeCf9E9dCcDCb8ccdEDFC,/in/animo/versatur/numquam/epicurus.html,/dicebas/cadere/causa/si/qui/ulla.mp4
47,42,Creamy Coleslaw Mix,Creamy Coleslaw Mix,Dania Sproat,1927,Hip-hop,3DC1aaaB4D3AfA9b9EAFcc618FcC52ff0D04603cA9F0CFe6F7deB9f6dfe0d19d,2dA1ec8708f9dFFbC52Ad2BEFEaed28Fc9BAf5a45CC50B2eE3f71cd0EA1AF7Ad,/eiusmod/breviter.ogg,/non/habeat/non/admodum/asperner.doc
48,17,Stick Vacuums Cleaner,Stick Vacuums Cleaner,Claus Beeden,1928,R&B,EE3DccBbCf7babEdFeb4B0BbDfbdcc3fbfBFEee3CABbBEe2EbCcAdd79A719c2B,fEfE6B3dA0Efae89A2Fd0DcffFeCAb3Ee3A7dfb1f6cdAD6de5F3C3A6beEE4fDE,/cadere/causa/si/qui/variari.odg,/et/angusti/aut/omnia/semper/maximam.pssc
49,68,Whole Wheat Bread,Whole Wheat Bread,Chad Tutt,2007,Pop,EeCc1DEdCFaFf2cD1F4Ae62aE81bDd6BAbfafdccb6dD0efDBf9bf9afF6D1fAc8,bCb0cCdEcEfc0ec2dAbb00aAeDFce89edC2fB23B96De01fB3aebD62d52bc86f3,/quibusdam/stabilitas/amicitiae/vacillare/tuentur/ut.xhtml,/dissentiet//coercendi.mdf
50,89,Spinach and Feta Wraps,Spinach and Feta Wraps,Brooks Pauli,1932,Classical,f496BF5DFCDCFbdC4BafCDc8e75A3af4fC3fcae04eCDeEC4Ad2bBfea776104C5,ce76fAcC18A2d4fCda74c45CAE7c92eB3dddeaddD55a44fF24BDd972353E1aF7,/stabilique/sententiae/quae/sint/quaeque/ignavia.wma,/dein/sermo/solum.xhtml
51,7,Dark Chocolate Tart,Dark Chocolate Tart,Kiri Vaulkhard,1957,Reggae,dBeFCce8C2cC6FBAaC9fa841AfFF52adD6f4A6F6EA714b3FB4AAeddBEFeBd6FF,1d24baABA888cdfceEeDBE76f6A4d10B1cc5Cd4ecbEeF9eFBddBDCfB27b4aFDF,/quid/attento.mp4,/comit/multa/venustate/civium.yaml
52,66,Organic Quinoa Chips,Organic Quinoa Chips,Cynthia Billing,1993,Jazz,EEAcDcfbee6Bf92cBfBbccB5703CBC37EFBbcea7fDfea7A3FaAfC110ef23CaB1,179cf4DAce9eCdDCcFbbb2CF1E7c07E43A390FcFfB7eBDb5f6edeDBBc1fdda3B,/inter/.dmg,/dolorum/fuga/et/fabulas.xhtml
53,31,Coconut Curry Lentil Soup,Coconut Curry Lentil Soup,Erena Snar,1938,Jazz,2A15EffBc7fcbFC9A8f2eBd8b2cA5f8ACFFb08CDdacfBDAEAD094DCDaA1a23c7,baa2bf5DaC0D3dc0B3cabe9f9ef9e8AADeFa2D9ba62Ce0018AF3f2D91c9aCFb1,/iam/videtis/ne/invidia/summa.bash,/animo/autem/ut.js
54,84,Lemonade Mix,Lemonade Mix,Othilie Giffon,1947,R&B,0ADdc3B1EEcCFCfFa8a9CDBDB2ebe4484aFaBC082B06fFf967c3aFCCfeAdEBB3,decf2FdAcd1add85a4Ab3F03dAC7f2B597E1eBDCBFFcD971fBB228cEDaBbdE4E,/enim/quod/tibi/parum/amice.xml,/munere/sed/tuemur/ea/quae/ea.log
55,79,Smart Plant Monitor,Smart Plant Monitor,Dianna Eslinger,1978,Electronic,9ecf34CaC759Febc4dccaAa9aEcfaC8fCB1eE7CACb8f09BB7B44B93EE47EAb97,11babcC67bDFFDeA6BCF4C6bABFC170D051A22bd9EE6bfBbDBDAb7ABfCA6b7ec,/eum/unum/secutus/probabo.scf,/modo/loqueretur/intellegere/quid/diceret/terminari.cmd
56,87,Coconut Curry Chicken,Coconut Curry Chicken,Ardys Scrivner,1946,Pop,a52ddA2FaF4E5A050fcBB8C9BEeDdaBcfc1D3Ac99Ccb4De0BBAf65f9ffcFfcFb,a1Ee3dc5C4b1CE1c4BC1C33CaAEc37DFfEED2Acc9ca0Fb538Fe2ba40bA2fCa3c,/non/ea.yml,/noster/labor/si.img
57,39,Honey Nut Cheerios,Honey Nut Cheerios,Brade Benjamin,1984,Jazz,A7e9EeD093f4EaC8bc17a10CeAAaADEba3eeEB8a976eDeE4a8dA3EF5cAEE2bf2,86CAf69BDf3B3AA2b6305FA6D8F14E9EdFBCBAae6C9ed08DDb81fBfbfAdCaBE4,/causam/efficiendi/reliquerunt/sed/epicureum.wmv,/quam/his/qui/inesse.pfx
58,92,Premium Flashlight,Premium Flashlight,Abigael Trewhella,1987,Metal,B9aCDeCb7B08DFEFcAbB8bAB0ABBe8e04FBbFD6Af87700d4c0b4F3fD46b24a6F,6A5BdB5fE2bF03EAfc3f8aDCb55caFEDFAab58EbB3D823fEbDBb7Bddc78abcC9,/quodsi/ne/ipsarum/quidem/quietae.docx,/quibus/dolore.jpg
59,4,Kettle Chip Variety Pack,Kettle Chip Variety Pack,Randolph Dongles,2028,Soul,E2Abbf3cfDffbFce3862fc4Db20d7cd1C0a2fac9C4F08d92bDDd59d1a35ED9Db,e2733ecC5F4Bddca2e8aFB12b1bfEdDa9DDfdfa4dCcA6E08A8FCCEaD7dBBA7dF,/cupiditatum/generibusque/earum/explicatis/sentiri.xlsx,/sed/ista/sequimur/ut/autem.p12
60,91,Ultraviolet Phone Sanitizer,Ultraviolet Phone Sanitizer,Marcile Delicate,1924,Reggae,b1E6EDABc5accA2B8B1aAb5F2CC1fcBDF6A454ac07b567aa751b5c3eeeAbDdFc,fEeccEFd70DEffF18AfBeaADa6ffb1fC1Eff2ddfAEB4d36FcbcafB8de03DEFb6,/omnes/mihi/cum.bat,/victi/sententia/desistemus/quasi.apk
61,9,Fitness Foam Roller,Fitness Foam Roller,Gabrielle McClifferty,2013,Country,AebCBFBF606DFcFf2F0BCaD9bbf54F95d3BbAdc729f2bcf76ebA4bfa8ba3bce5,EF9dFAcbdeE6FEdacA9aEfb6eEfAbc2adeEdC986fbF5EbFbB039cbfCD48cabbc,/et/constantia/contra/metum/religionis/polyaeno.html,/potitur/ut/animadvertat/quanta/aliquod.lnk
62,23,Coconut Bowls Set,Coconut Bowls Set,Valaree Edes,1936,Funk,C1c9eBEaCfeE00fd6Ce990594AaC1F4B9C5BBeB4e838F5FcEEEA2eC7CabdFeb0,0CFcfCcB4aFfB64ca078eEB2C9322dCb0bbf743F6e1BD6c4D7f210eaFc8A65eF,/et/si.bin,/disserendi/quae/logikh/graecam.nrg
63,58,Honey Lemon Tea,Honey Lemon Tea,Misha McEwan,1982,Disco,0d2cbD1eA4A6f4da9Bfc13b73ecdF06aD507F9ec7dC3ba87D644EdedAdd6b66b,EAd5ceBdfBcC7de38b29e57D0D0fA37E2e4daf6deAe0e62ACc2EDFf84fDaBCB6,/situm/minus.ogg,/eum/locum/seque/facile/ut/dicitis.css
64,51,Essential White Button-Up,Essential White Button-Up,Ola Jozsa,1945,Blues,c2cFaEeC3DbBa3DA2B0cC3baFb8EeEebcDcC40EeB3b2efCceAD8aafCa9AE8D9E,Dda57a0dF3fFCFdea7edbAFccBCcBEBFde3Dc427bDfEe087EeEfBCFecbeA95AA,/privamur/dolore/ipsa/liberatione/et/expetendam.ogg,/ultimum/quo/sint/quamquam.gz
65,46,Portable Bluetooth Keyboard,Portable Bluetooth Keyboard,Ambros Leeman,1988,Electronic,FFa5BDd97Fffdf0bDeA2C79D7e05dDcc0aF2A8aFEdFfbAdeEBC2AdFdedcEB4CF,cF6AD85ABECCfFD7cEca5cDADBeEa7afBfD9c91096aEeF6Af3F8EdA6Eaba918b,/quos/dolores/et/quas/omni.mkv,/faciendum/ii/voluptatem/maximam/adipiscuntur/metu.odp
66,60,Car Emergency Kit,Car Emergency Kit,Duffy Grahame,2015,R&B,3DADaBda3CAf6C371fBeeeaD2EefaeEBD47CD9abfC6CfB0d2A2bF68e9Cc2Cadb,1CAeB04dEBa2e7a2Ef2cdFF17cC6d5F5badEc8ee45B33fCdf8f362EaDbb6fF9C,/quam/de.xls,/quisquam/stultus/non/historiae.mkv
67,38,Smartphone Stand,Smartphone Stand,Carroll Eddie,1950,Country,ebDEfdefbba57FAE1fbDcafF754D600f55b67dFedfDB3fFCeE92F4Bbb04AeDE9,ea1Eddc5afAc0fe9890faAAeFeDBE5F96Bf1aABC3D7Ece462DDDDEF8fC3Aa5eE,/dictum/sit/erit/enim/iam/declinabunt.asc,/propter/amici/voluptatem/quaeque/de/enim.accdb
68,14,Cacao Powder,Cacao Powder,Agnella Ferrulli,1927,Funk,bb9A32BDD9e3751fAAAaEd592b5d8fB6B957FDdfBEc1AB6baDaC2CB1E02d9DBc,BedBEEc5127CEeC9DbBAfdEAd17BDD87B0bDaaB455cebBa8BdC6AfcE30fFC5e6,/audire/vellem/censes/haec/dicturum/fuerit.msh2xml,/si/omnia/dixi/non.php
69,40,Electric Toothbrush,Electric Toothbrush,Ranee Berkley,1959,Soul,54DAdc2b1FEfAaaC8827dCacAfDbF9dBf257e3D8BdEf72eEFcdc3dF9b5a1F6F0,Af0Dd37d7b9eE1DdFbCcABFecD38BDabAeC401DaA44F741be43dEdFDF4bFDedf,/deserere/ullam/officii/refert.msh1,/temperantiam/postulant/in/intellegentium.xlsx
70,99,Pet Water Fountain,Pet Water Fountain,Carolann Arsnell,1904,Reggae,a2D4EACDDF24Bf09CE12eca0CeAbFDE4aF4bebA8BdE1c1Ab38AaDb1cCDCbeecA,8fa84DbD99Dd3EFe55df53A3a55FC96fBa7cD908A284eEFdEcC9dD37FfbfFefD,/quidem/locum/comit/multa/adest.gpg,/aut/arare/aut/aliquid/ferre/tamen.key
71,86,Fitness Tracker with Heart Rate Monitor,Fitness Tracker with Heart Rate Monitor,Britteny Derks,2024,Jazz,edBD1166b54584e9ace226A4cDd5D2f5E4cfCB35d76B5Ea4ddCDDCfCdeCcee8f,F4deBaab938B61fbAec9CfD7CEbe0EbB73CDf0cd0eBAb87c5B2CC2aCeeDE55ec,/labores/magnosque/laudatum.wma,/adversarium/aliquem/convincere/deserunt.iso
72,61,Fashionable Fanny Pack,Fashionable Fanny Pack,Mortimer Virr,1998,Jazz,7BDA3D6d04ecFf8C35CC0E2Bdb8BdcaDAD7EbF6BB1e1fB3b1decaFc99b97dcDB,e3faAedeDbE7F9DC84916fC64Eb0420dDAda8D6fF87ceAEff5f4cadBFF1f90e6,/consequuntur/voluptates/quarum/virtutem.crt,/monstruosi/alii/autem/etiam/aut.odf
73,32,Smart Plant Monitor,Smart Plant Monitor,Adelice Vowdon,1988,Pop,bCaBFBfDbf40642EfDEDcaDAEe265c8bafdDCAFDDcdCCBFF4ABB753c8fAAE99b,9ADEcAbFda4D99e328afbeAbecAC3EbBe4beEb2faBaceFCBe417E4fabfAa0e1C,/expetendam/non/quia/voluptates/satis.jpeg,/tum/accusator/tum/iudex/multi/sit.mdf
74,30,Chili Powder,Chili Powder,Jdavie Habergham,1950,Blues,E5aAD9DaaFC0eBd39CB48ffEEF4cC42BABDDccca2AaeF2efDFE0f8EAaaFef45d,Ed19D4d400AB45A3eEeDaCA2BC609B8dA40c1cFBaD8c8Cca2BFa478ddBdebAaE,/affecta/quem/ad/in.txt,/possumus/animo/autem/tantopere.aspx
75,71,Vegetable Potstickers,Vegetable Potstickers,Tybalt Hawsby,1949,Rock,BAFFb8B1fAd2eACf169fe1a9cE038F6aCFd79aE6aAc5EAabd7d96AbFaaE326Ec,8E6A5CfD333b0D6A04BCeAC8c26abafeD8ba7A973dA5b0dce3AcacedD8de2f0f,/constantia/alii.crt,/illum/hosti/ipsa.gz
76,100,Garden Kneeler and Seat,Garden Kneeler and Seat,Augusto Guise,1949,Disco,2Dd7d1A4cd7EBe346AAE0B17a81dcf17c0f0A3fDDAfF1c7b5C461e3ECbFebad6,E89bFe2dbBbEB56eC7bEdcADBfaBC98D2D1cDFf04cae2A29DbBCed0ACEFbAcEe,/in/stoicis/legimus/tamen/.rar,/carere/et.rpm
77,93,Thai Green Curry Paste,Thai Green Curry Paste,Dennison MacCard,1919,Rock,Ce5a4bFB3307BD1becECCAb5aa8bFCcDc9eD11de35C576BA3cFfAc2a5dDFbADA,27a0E846140dCdb8C6BeCbEFF172eed5D6CFeA8c7e64A1b5d7A76Cf71Ad0A1cb,/afferat/eo.pub,/facilius/fieri/poterit/et/philosophorum.cmd
78,45,Buffalo Stilton Cheese,Buffalo Stilton Cheese,Jacob Hordle,1937,Folk,DaEACdA3F52b26756C76CC811f18CA0D35778bCf1bD0d2BA2eFaab2BDEFfAA0E,6DeDe4908EdD50C32E77ecCad8fd1BD9EF6bEbDb0C103efDbCAbd81ccC7d2DcE,/sermo/patrius/cum/idem/nec.p12,/est/aut/fastidii/delicatissimi/verissimum.txt
79,1,Wireless Security System,Wireless Security System,Mada Eckley,1902,Folk,E3EbAe6EF46Ff4eeBfd3FCCD6aC1CBEF5aFDcEa3a1eaBDa5bdfE8A1eAD4e0F07,8ad2aa8FBE7fbDdcdDBE1d75abbb807BaD1B6a1fDDBdf0AaFDf38BefDFDdA8Ec,/ego/dicam/voluptatem/iam/videtis/voluptas.mds,/ratio/ferri.bmp
80,35,Athletic Jogging Jacket,Athletic Jogging Jacket,Lane Birtwell,1971,Classical,aAFFaa3EEF7bfAbaa5Fdaf7aA5AeEbfFBdBa9DA25C1B459afce4bEbdf5f335EA,4EAbFa1dEe0DF33DfE0E9Ac8Cc7cfBDDBfe6AfAEab8FB2abB2aeeBCFae68c0b1,/ea/sed/fruenda/etiam/sapientia/notae.wma,/referri/ut/cum/voluptate/bene.p12
81,6,Reversible Swimming Pool Lounger,Reversible Swimming Pool Lounger,Jsandye Leatherland,2015,Metal,64BCF5aBfCC386De897BCd4FFE38aC92Ed8cb7A4ECfEFe10DeAbcC5977dBACde,aEDc824e50FFFD97E01BbAaFf60cf1e4Eda5aeE7AB7E1af58fAC025Cdfc2fe35,/ratione/compositis/quid/est/quod/metu.aspx,/mirari/est.xml
82,54,Beef Sirloin Steak,Beef Sirloin Steak,Frasco Goldsberry,1900,Folk,EfC96cEfFD7FFa25ECc45Ca60b1AAD3BC32bAabEcac6cCCDfDFcbAbb6D44a9eE,f680cbACE8ffBC8AFecF1366d6CCEDB7EaFd5BaFe66191ba53428fAbA71d6A5A,/enim/maxime/consuevit/honesta.bz2,/hoc/qui/mens.cfg
83,82,Kids Tablet,Kids Tablet,Marin Sarginson,1994,R&B,FFd8C3fE262780cc5Cfe0e9D75041d24aEE75BeAbC3dCadbBeDbafCc64CeFe6E,BaAFbfFdcC2ccD9D8fd3dcfFe7cbEe975651beFD8BCEccC3fFbF2dAdaF08C5Eb,/ut/terentianus/chremes/rem.conf,/optinere/si/effecerit/et/et.msh2
84,98,Portable Electric Fan,Portable Electric Fan,Siobhan Bedells,2028,Classical,364685BfF1Ad7FcFEe97cBAe71CBAd0EeFcBFDf7f6DBb7EffFBF0C022dd2D7dc,a7AA1ccceaD7a0aD8B8C4B6aDedaEBdacb4a6C1dDfFa9f7EAdC50Ab4EECb027a,/inducitur/finitas/habet/ratio.flac,/ea/voluptate/velit/dicent.html
85,76,Carrot Sticks,Carrot Sticks,Arlie Hallett,2024,Jazz,9ea6CFFF6acF68813EB7D28e3d3932156EaD7ADEfFFA76F335C6EBb3ab4d668a,c17Ee5e0bBd4E4a0eA6A24B2d5f4edbF3EB7DCf2AebAeB8EDdAEe12a9C8506A5,/voluptate/vivatur/quoniam/autem/iis.odt,/autem/legant.log
86,70,Pet Leash,Pet Leash,Orsa Lassells,2015,Blues,feECF7FeC6Fca6bAc6Dce06079AeAA7baBB7b6ed42E9FcE8fCfffeDeBb29FB0B,fad7d4ecb3EBDBB9abea2c5BCecEB5A9Baf3B29F6F6d47Ba5F20FEaB6FAd6d7a,/emancipaverat/ut/iudex.wav,/nihil/tum.jpg
87,11,Organic Blueberries,Organic Blueberries,Megen Rackley,2014,Disco,bEf19bDE802aCAc7Dfcec8861dda5c64F7cAEBEc403c40ef0ABADCeA4DAFF3Ca,a97fFB9fff5E4d8f7EfcEeaCa16E8ECADfF2FAaeF5fc5D9ea1aDdCee7F0Bd74C,/et/intereant/cotidie/videri.apk,/et/omni/dictum.jks
88,2,Leather Wallet,Leather Wallet,Timmie Vennings,1901,Metal,145c7c910bAAaCeb6EcB3dc1EE675698d94EFC89A15ACcfDd9BBdDBCeddaAa4A,ADCAEd7AcD6Ed3aCef74dD3BA433Fd98EF0AacEf104EdCeDB3ABf7EFFCAdF7F2,/et/refugiendi/et/omnino/rerum/aspernatur.xz,/ut/autem/a/facillimis/quantum.pfx
89,94,Canned Sardines,Canned Sardines,Johna Reeks,1983,Hip-hop,dA1B9EB0a8Dbd3fFb4CD9c63d1Df73DAAe340aeB93AA0fEECba94bC2Ffb2cfDD,e5FEDEf5b8c7Fc1Df2a2bfA873cD70Fd09Cc2dfB33BBAdcEdDcfCDA17e06B93f,/ea/facere/quibus.odp,/docere/sic/exercitus.aac
90,8,Peanut Butter Chocolate Chip Bars,Peanut Butter Chocolate Chip Bars,Selinda McQuilliam,2020,Rock,2Ab2bBcbEEA1DEff889E7DAD7bbbcDEbAB3Da9AaA258aBcfe4a72bDA9eac24e2,6d9acbCfCEAF3FAE50bAEd7AF5F4aCb5E88CdBbbcAEAE9CF3bEEaCCACeD692DE,/si/ita/res/quippiam.dbx,/superstitione/liberamur/mortis/euripidis.exe
91,24,Gardening Fairy Figurines,Gardening Fairy Figurines,Sadella Stockill,1914,Electronic,e328Be6a16D7Bb17FcAaCCDc09Ebbb0aEc7168dD97dDfCcefFEb6DBF79a31EdD,ddEBE772fAc47EDadABDAB8D7fAbaaE1F74b5B8faBDa3B3Dcb5BDab781acdAa2,/has/optari/quia/voluptatem/iustitia/quibus.rtf,/infanti/aut/inpotenti/iniuste/facta/successionem.mdb
92,34,Maple Cinnamon Granola Bars,Maple Cinnamon Granola Bars,Mira Marco,1965,Hip-hop,D6Cf9bB73FAdBA9C82fcDE84FCC3dCeADfCdDA7DDae45cEaD8BeB2debDe7C7bb,7C3faBdeD1aBEEBFfcb8daF7D0CEC9Cf6dfaeedCe2bD50748a2Bc4ECFdEf6aEe,/fruuntur/sed/etiam/est.csv,/videretur/cum/omni/dolore/ad.scf
93,57,Self-Massaging Pillow,Self-Massaging Pillow,Clerc Gowdie,1968,Pop,82ED3eAfF43ff08C4b7B3b35219D709AfaAF1FbE96de3C81ecdDfFeAB39f95F4,c7bBa5f21FC3ABAc96Eeb01b7Cbde1298AFfadAE3Cc1b8eEcDBdDaf0efeb8AD4,/ut/ad/orestem/pervenias/a.htm,/familias/evertunt/dicant.pub
94,33,Multi-Layer Food Steamer,Multi-Layer Food Steamer,Angelia Jiroutka,2028,Electronic,CecECf1fCeeEC7dEE8FF7DC3C8eEf4BF5dcAbA0Ef59bfaAEA9e2DC8Fcf437Bdc,e5c6fc9AbeEaEBdaFEA75a50A3d03cA2EdDD4252dafe7a3ECafDaa8FEFda9cEc,/enim/cupiditates/et.bz2,/vitam/omnem/perturbari/aut.img
95,29,Kale Chips,Kale Chips,Jermaine Battany,1974,Hip-hop,DE5a7e7AE6C0b63F2caffFdcefEAfA0822BBFD7F4fCE954FAaEdb4Fb2caf8E51,Da1a5Cada8faeAFA53CDc7d2c204e29fC81DeBfAfe7b0bd29D8E8bFa8dfCcCb4,/studium/deinde/aut.iso,/in/nostris/minus.scf
96,27,Cold Brew Coffee Maker,Cold Brew Coffee Maker,Brunhilda Delue,1914,Rock,eaCc762eCEF26e3AcFbAd6eaBbA33baDF9AA8AecBDDea952e04C3f5bcEf32B89,24d7BcdCeBCbBad3C98CBE6A3ECDdC41B7EaaeEcD4f79CDBff8BE2Fa76fFAa99,/cupio/quid/non/ipsa.vcd,/pervenias/profectus/a/theseo/sunt.htm
97,72,Ribbed Knit Dress,Ribbed Knit Dress,Ilyse Hodgins,1912,Folk,4eadEEAAC7EfB76cB4E7Ed25fEE5aD9C53ac1Fee8CFC1ADcCb9Bc8F20AfA65d2,ABAFbCd670FbebfEbF4D3c1D02CBC8E7BAF92bcBebb1ebDEAB1dbdD5adDD57f8,/turbulentaeque/sit.htm,/placeat/moderatius/tamen/id/confidet/maxime.xml
98,22,Baby Monitor,Baby Monitor,Kerr Simoncini,1952,Country,95FAC73abD2BF372efbea2d5eCd175ACd7F3debAC2B9EbFfe61addB34ab53EDF,eECCf3017eC051C469Dca8eD2c4c02C6BDA3e868aD8c0abdc8FCCFEc6eDbe29f,/vi/sua/atque/natura/erroribus.aac,/prorsus/inquit/eius.yaml
99,74,Sliced Cucumbers,Sliced Cucumbers,Emmott Mougeot,1989,Classical,AaF6DbD9FE90Bcfb0fccFABCf8022eafAdc791DcdbbCdb1ee3C1FED3Dfb694b0,BDe53cA0F537Eb4EeeCFbd4aaCB4aB3D4dDEe0dFacaDf22b7e3f220E1dF424d9,/moribus/neque.lnk,/institutionem/omnino/amicitiae/hoc.desktop
100,41,Pumpkin Pie Spice,Pumpkin Pie Spice,Lezley Velti,2028,Pop,fcdB0F36EeE6Fcdb2f38B4cCBD8bbA237f6d8614D9b7e2FA4fdAE1FeB7fc19C4,Dc0AEDedcAfBEdAeAF2ee5e7D1ECcedCf2a7F9cEC3EbDAc0bEBCe8D6bdacD8D2,/incursione/natura.tsv,/et/epicurus.cer
