nickname,track_id
Mel,88
Teddy,13
Nate,81
Rain,48
Finn,47
Jordy,80
Rosie,60
Avi,18
Joey,9
Cat,97
Dais,96
Becky,70
Ingy,74
Jerv,36
Ellie,39
Kosta,61
Jay,73
Seni,37
V,63
Pat,7
Mitch,33
Myr,8
Juli,87
Ki,83
Gerri,42
Monty,32
Jarry,69
Tone,50
Jenna,45
Gert,64
Quin,54
Cora,34
Lance,55
Freddy,57
Trav,68
Chris,99
Rust,38
Tilly,98
Lou,41
Fraz,67
Agg,78
Emi,11
Mer,30
Marge,72
Rupe,89
Kari,19
Gale,3
Sibby,49
Cece,21
Dora,17
Nora,15
Tony,56
Cel,66
Maggie,12
Shan,43
Duffy,85
Jo,40
Tara,95
Lan,1
Lucy,2
Pam,5
Ella,26
Rob,84
Nessie,59
Dilly,31
Shee,29
Tru,75
Pete,100
Etta,53
Polly,14
Jill,44
Annie,23
Gerry,92
Robin,27
Ari,52
Pee,51
Worthy,76
Cass,86
Star,77
Penny,28
Dee,20
Shelly,71
Ty,65
Bin,22
Donny,82
Mordy,25
Crinny,16
Quill,46
Frankie,93
Tiff,79
Fras,6
Aggie,62
Hali,4
Gus,91
Jess,35
Loni,10
Vern,90
Cobby,58
Candi,24
Sel,94
