user_id,nickname,password,name,surname
1,Agg,&*!!i&&$$,Aggie,Trouel
2,Sel,X**&3!T&l**9,Selle,Carswell
3,Finn,v*2Qu#@Tw#$$R,Flinn,Merrisson
4,Ki,O&cqZ%f!,Kiele,Pickton
5,Kari,i#!*!Ud87t*C!!,Karleen,Hinrich
6,Bin,9!8p*G*Ca52*!,Binnie,Quaintance
7,Dais,t3&6g!l5!!zFQ,Daisy,Levens
8,Emi,!!!**eW*!,Emera,Killeley
9,Lucy,1!l7&*a%Z%,Lucina,Pollicatt
10,Monty,!X%LC*1R!9!,Monti,Kintish
11,Mordy,D#&*bQ*26tc&b,Mordy,Rudiger
12,Tiff,%!EW*$!XYp*!&%,Tiffy,Edscer
13,Dee,4H$j*aDKi0,Deana,Wenderott
14,Fras,fL!o%0%V*,Frasier,Catlette
15,Quill,fZd***D&$!,Quillan,Flute
16,Aggie,!vj1Onp!D*&Z$I,Agnes,Hryskiewicz
17,Nessie,d*$8!jv!&!4G**,Ernesta,Mcwhinnie
18,Dilly,$l*%9E!$b*s**!T,Dill,Brentnall
19,Jerv,*n2zx*UD*#p6*!oG,Jervis,Feaveryear
20,Jill,!1&6&w*B,Jillane,Peoples
21,Rust,%3*1m!RF@*%*$5&#,Rustie,Gennrich
22,Jenna,7$&tS!3s!r!!!1&,Jenelle,Sabatier
23,Teddy,b%s$sPbF,Tate,Peattie
25,Jordy,!*!*U9T48!S**!v,Jordan,Wannan
26,Kosta,Q!!!&h*&*N*IEJ,Konstantine,Rudinger
27,Gert,!!*4p!D*7#e$I,Gerty,Hasely
28,Chris,%*n*9!Y4J#!$,Cristin,Di Roberto
29,Worthy,**1*$!wj*8$!mP$U,Worthington,Babin
30,Dora,!A5*!!1#7,Fedora,Kebell
31,Cass,!*!*$*!T!**%!6E,Cassandra,Doel
32,Lance,IPNC&$5X!g2,Lancelot,Myring
33,Polly,!$!@H$2&!$*Ob,Paula,Luke
34,Gerri,0zc!L$l*!C,Gerrilee,Heibel
36,Cece,&!R!FV9I!,Celia,O'Geaney
37,Vern,!R*n%ol*2$,Verney,Orneblow
38,Jarry,v*Wr*!68#,Jarrid,Zannetti
39,Seni,5!&!Fds!!@**7s**,Sena,Ganderton
40,Ellie,&e!o!8!$,Elyse,Dimmock
41,Mer,*6*!23$msw,Mercy,Garbett
42,Gerry,1w*$*nt!G,Gearard,Stourton
43,Duffy,2uoA*A2!*1e5!,Duffie,Mussilli
44,Lan,&I*6#7TYw!42!!I,Lanie,Biggins
45,Gus,3Qx*!T!!!j3,Augusto,De Gouy
46,Maggie,!!2!V*!!!$62,Magdaia,Handrahan
47,Shan,Vl$787Q4c*,Shanon,Trowbridge
48,V,20!*@**!7li!&,Vonni,Curman
49,Lou,!0**!*Aa#!%c!1,Lowe,Cancutt
50,Nora,SB&vo4Z#5#T*,Elnora,McKeating
51,Ella,C1!4E3$%$#,Elbertina,Showers
52,Mitch,DgU*$&nR7#&**#,Mitchell,Shellshear
53,Tilly,9E&If3kb$,Mathilde,Chew
54,Rob,$!*&!!!1d*3q,Robbie,Durek
55,Cobby,*l8!OuW3S$n!2!7k,Cobb,Iacopini
56,Cat,yZ99!s*$t%!*%,Cati,Wanne
58,Frankie,iO9@W#!%2&d!*9!j,Fran,Asp
59,Rain,f**w#y*x!,Raine,Sancho
60,Etta,zE**&!!1%S,Marietta,Tugman
61,Shee,#!22##*Y2,Sheela,Curragh
63,Penny,Yw&!5#&**bg1%*8,Penni,Kobsch
64,Ingy,%k0&wI*X418,Inge,Draaisma
65,Jay,0!*L#14J*$*I!!&j,Jorry,Fairclough
66,Pee,v*J!c#26*,Pia,Helsdon
67,Tara,!9F!!V5yn,Tarrah,Richmont
68,Rosie,*#%gvJnJ*3*!0*g,Rosaline,McGrah
69,Tone,*1Zb*%V!p*,Tony,McCowen
70,Crinny,f8&T$Mc3D!i!9OF,Crin,d' Eye
71,Pete,!L!!!p*!%,Pedro,Hedlestone
72,Cora,%**4$$1TM!2a8%*6,Corabella,Odeson
73,Loni,e8r49!$HtJ!!4!,Lona,Kapelhof
75,Myr,6!*!#$*%,Myrna,Prayer
76,Tony,*#&*WQ!l,Antony,Tittershill
77,Annie,0u!!yVh6!!,Any,Papez
78,Donny,!77!3!&!!#0y#!,Don,Shaddock
79,Cel,u8*&**8!&,Cello,Thoma
80,Jo,*w1e*S*j,Jodee,Lawler
81,Becky,9*!1Qd!4*t,Revkah,Darington
82,Sibby,P$5*!!%6*K#!x6r,Sibylla,Monsey
83,Quin,Ey$&$*o$5w!I*O%o,Quintus,Brobeck
84,Mel,*kx!8!z&L*%C6X,Melanie,Jacobowits
85,Shelly,*!r$&%eXS*EC*,Shel,Patis
86,Marge,!$a19!!!iR,Marje,Synke
87,Candi,m#Gw!&*!,Candra,Osmar
88,Pam,n@!!*3F4!jx*st*,Pammie,Shackell
89,Gale,Y4O!j*!****D$,Galen,Bloschke
90,Rupe,95T532*0V!,Ruperta,Twidale
91,Nate,*%5i9#**!!pB*$T*,Nathanial,Howlings
92,Star,K*X&2Z*Pq*!,Starlene,Forber
93,Hali,$7v1G&Bo*,Mahalia,Stonhard
94,Tru,y&9mn9!!,Truman,Schall
95,Ari,!!v!*86#,Ariela,Otham
96,Jess,*%!al!*&69%!*OQ,Jesse,Philott
97,Avi,686H*%$0s*0S,Averil,Sussex
98,Robin,%**r&m%nrc,Robinia,Tipens
99,Trav,gs85U6$k&6,Travus,Farren
100,Ty,$twK81*9,Tymon,Gulleford
102,Fraz,7U$$#Cg**3$4!*!,Fraze,Fielders
103,Freddy,G&!41B%&er!M*!7,Fredra,Longland
104,Juli,!Nm#N*2H,Julissa,Claris
105,Pat,J*I*M!M!,Patsy,Rosenbloom
107,Joey,!**vhP%$,Jo,Smissen
