nickname,password,name,surname
gclowney0,cC1+pI@a@WYB%,Garret,Clowney
ablacklidge1,"oK2!kG(,GREUEal",Alexis,Blacklidge
erodder2,"yN1?,laK*6",Estrella,Rodder
cbullick3,rH2~Uacv,Charlton,Bullick
dfeathers4,kY4+{I/_LJt!7,Dniren,Feathers
kgwilliam5,"jY9{'a?nn""o#wz_",Kitty,Gwilliam
aeckford6,tD0*SDAiTq9p`I\,Averyl,Eckford
zkilkenny7,gR8=?Tn0,Zandra,Kilkenny
simm8,gD8<voA`vy,Shurwood,Imm
pcobley9,"pH4_+<!w/W<_N,F",Prentiss,Cobley
pbloorea,sZ0%Zd&JhYCo>,Pierson,Bloore
dcanaanb,"xR7""9NSHpRU2'9",Dannie,Canaan
krapkinsc,uX5*UK(iK&f'N_+,Keelby,Rapkins
jkorneevd,gA1?{8Yo%Z%,Jewell,Korneev
cchuneye,gR7)KE=dF,Clarette,Chuney
jcolleymoref,mF9)Vz)Snh0,Jacquelin,Colleymore
jkarysg,kO5+VqvZ,Joleen,Karys
cbaudh,pR2`(v=7p5uz0,Cobb,Baud
camayai,iA5'~4?}r6{<oqEs,Cort,Amaya
aboamej,eR2%O1A2W8e,Annmaria,Boame
mtunmorek,oL2}~g1keq,Martino,Tunmore
jhuftonl,sG7.N&rXg$xh,Jemmie,Hufton
rsabinm,"aO5/""oooHx|H""",Reine,Sabin
esquirreln,rR1_&VT2aK,Eric,Squirrel
azuckero,hU2(=?T~Ma4R(,Angil,Zucker
nguittp,jP6>jwJvM#R=8i,Nikkie,Guitt
asoaneq,iS5'/@QMFWAJg4,Alisha,Soane
shyndesr,"dC7{?,y{""?Ie@,",Susana,Hyndes
jburrows,zY2*c@W6cJ7,Jobye,Burrow
ltrusst,"kS4!am"">",Liliane,Truss
iwhieldonu,zV0%@<rg6kA*L?i,Iona,Whieldon
bmcroryv,fS4$Phw#<I,Boycey,McRory
vbyforthw,kT0!U0aY(`At=t'K,Valentine,Byforth
rbessomx,wH2%|F@DW\v2J,Rutherford,Bessom
rcarbiney,"nP0""\>VGCLd""8Gy",Raynard,Carbine
dmundayz,pE4`m*aF=jf,Damara,Munday
rhatch10,uQ8<?+&z/,Rayshell,Hatch
abernardelli11,qM4#3q|9,Ardeen,Bernardelli
hnevison12,uJ3>0ATVP(Y,Hetty,Nevison
fmacgaffey13,hK1#)OXFSp=A*mD,Friederike,MacGaffey
rchildes14,yP7=Z7@c1,Rriocard,Childes
rmacgilpatrick15,kL2\/fx5pe,Rana,MacGilpatrick
kpratton16,hR2`'\.P4@wI'ED,Krishnah,Pratton
ecasacchia17,nW8#?w_+5D,Ealasaid,Casacchia
salebrooke18,oK2}hQ&b=`3yD+,Sinclare,Alebrooke
hmitro19,sD0#41(#o2R/+3Fm,Hort,Mitro
zboulsher1a,pZ8.FmCAXSZsEf\,Zeb,Boulsher
wpiolli1b,aM1>}ZfkO`Vj,Wren,Piolli
fceaser1c,dK4$}@QhrkkX>,Franciskus,Ceaser
iharbron1d,eO1{OsC/7Au'7,Ignatius,Harbron
mdorken1e,gW6/!$T5Y*q4Z,Mordy,Dorken
sgloy1f,rV3+%rEaLW|0j{LS,Samson,Gloy
dklessmann1g,tA3<u(hl.%n{p,Dov,Klessmann
wlyosik1h,xE4_sl=?TDp(OXqz,Winnie,Lyosik
jmunton1i,bR0'Mp_#UBB<n.,Jarred,Munton
efrancke1j,tJ9}E31ei~,Eydie,Francke
ndisley1k,gJ9}QYa(L|,Nalani,Disley
dholmyard1l,lH6~0*#(/,Dulce,Holmyard
gobern1m,kE2.~(14x@{VWs3(,Geralda,Obern
jhouldin1n,zZ9>B>)w@,Jolynn,Houldin
cchampness1o,sI2?pB3{Zl,Caralie,Champness
sdufore1p,qO1@?wuAU,Sacha,Dufore
vburchatt1q,eS7&h\)~I,Vic,Burchatt
croma1r,pG5\Zka{aYxN,Cloris,Roma
gottewell1s,oA2%Zc.A#rOS`SY,Goldie,Ottewell
fbrocklebank1t,"iM0""UT@U~~k",Frazer,Brocklebank
kkesten1u,mH5}L/PsiHBbJr!3,Kari,Kesten
swalhedd1v,lM1`kbD}aSE$jv$@,See,Walhedd
rhalling1w,yH0>KOhe,Rudiger,Halling
dfenimore1x,"pF3""EpN*iVZL=5",Dorthea,Fenimore
loxherd1y,cJ9=JcL?*jl)i|,Lyn,Oxherd
mcourage1z,"hM0&""~8~Ret+uU?F",Marcy,Courage
ledwardes20,kJ9#$tJ},Levey,Edwardes
jmcgiffin21,fA9`IO&{~\K}1,Jacquie,McGiffin
mmelsome22,wH7\Lhc3!,Mireille,Melsome
wlandon23,vD5=cHf9R<bIkV,Waylon,Landon
sleet24,cB2@La=W6)hUo3,Skell,Leet
omounfield25,qO2*l>hLb,Oralla,Mounfield
swomack26,jC2}l'%bm?}fk,Seline,Womack
kpovey27,wJ1%!sj#{F+yN,Karly,Povey
ccaudrelier28,"rW6?VvV`xrl,",Clive,Caudrelier
vfernan29,sJ2?(zSYUqQ(|+Z,Vikky,Fernan
fskippings2a,qZ1+8&e/6r.,Felicdad,Skippings
amcdougal2b,"lY9#*~w5"",#=l",Arlene,McDougal
lbonallack2c,sG0%oq_s{xNM,Lindy,Bonallack
vlicciardi2d,rC0's2O20XL_,Vernice,Licciardi
fidwalevans2e,sJ8%O!\V&w=R?4,Filippo,Idwal Evans
jsyddon2f,rH9+qIHyG2,Johnnie,Syddon
melrick2g,bO3.tOAP5g8+,Minetta,Elrick
splumm2h,hF4))cX%7`v`l(,Sandro,Plumm
rrustedge2i,pF6_'%B+7\,Randie,Rustedge
dstandbridge2j,kX9=E}4f,Douglass,Standbridge
shuggons2k,lC0?K~C}.a8Tbgf,Sharyl,Huggons
omedlar2l,oG9*#iEoo3lGa,Oren,Medlar
tnevinson2m,"yK7%Kp""E",Therine,Nevinson
gbarens2n,jH8?Xbgs7,Gabbi,Barens
mwaterstone2o,mN1|yEMtLMXIr,Marcello,Waterstone
sglayzer2p,"jC1""TY'M",Shurlocke,Glayzer
tbraunton2q,"cS3\>$d|""Gw>sSq",Tore,Braunton
cfeldharker2r,wY5`GeFaxP\,Cesar,Feldharker
bvince2s,eN2!?.#pg0)j`S.B,Betsey,Vince
nhelkin2t,wJ1!!hU4,Natividad,Helkin
ryukhtin2u,nT6*Du5WAK.2`W,Rosanne,Yukhtin
plabrenz2v,nH3<M$qC8v${sLj,Pattin,Labrenz
fsomerbell2w,"uQ4+bd,we",Filip,Somerbell
abarltrop2x,kJ2?W?xjLIpKN0B&,Audra,Barltrop
aamner2y,pR4$t7\lb<,Arleta,Amner
svernalls2z,"oQ9(j/XSC=j,+~",Sorcha,Vernalls
mhellyar30,hD8}1nxivA*OAk,Moshe,Hellyar
dbann31,uO7(v&QhHrUzG1=,Doris,Bann
tjorry32,sE7@6d3(aiy(*R,Teena,Jorry
jpottie33,pE6)xHIgyeC2,Jeno,Pottie
ccreavin34,"hM3|}#W,{'/tpd\",Christiana,Creavin
sconrad35,eG9@\B99,Silvan,Conrad
nkilbride36,iZ2=baf9umO7#WIj,Ninon,Kilbride
dlinggood37,iE5'|74014rI~,Dominick,Linggood
cbriggdale38,aB4?A8ItK,Carol,Briggdale
gmunt39,nG0#~.cXeif(U,Gisele,Munt
erivett3a,hE7\bcTo,Eadith,Rivett
bspinelli3b,hC4\dAn`QOIp,Bekki,Spinelli
mgayforth3c,jJ1{72q/R,Mack,Gayforth
abaxendale3d,"zO4=+>XMG2HLJ+D""",Arin,Baxendale
tlaxston3e,vY3(#0w8(J,Timothy,Laxston
cangel3f,yR7|&B`Iqm_8,Cyrus,Angel
dparsand3g,zH6~vEw3&IjT,Danny,Parsand
scressingham3h,yA8'r'{bM0S=9)G6,Sibeal,Cressingham
pbakey3i,"tY6/6K9""s=x",Peggi,Bakey
rcrookes3j,xY0{tOKDu@$gwh,Reider,Crookes
csimeoli3k,zC9}+oJ\ZgZm<,Cora,Simeoli
bjakaway3l,oX1`d#=p}RU,Brinna,Jakaway
fordidge3m,aP1@.L\>XcEB\oWv,Fonzie,Ordidge
beskell3n,hC4\uRKX.j*s&B9X,Bonnie,Eskell
acopins3o,rR9/WP{Q,Ashby,Copins
fveel3p,cI3~LKOx,Ferne,Veel
lhowardgater3q,nP8>4|JiUY,Lovell,Howard - Gater
swhistan3r,"tZ7\PGaPH""",Sharla,Whistan
hboules3s,uT3&g0Q2EX,Harmonie,Boules
bgerrey3t,cQ4=v=kFk7)rZ,Brett,Gerrey
plampett3u,yJ0\52v(=o53h8,Putnem,Lampett
olilie3v,sU7(<F&@C\,Odey,Lilie
mmorrice3w,eR7~tEa),Magdalen,Morrice
crotchell3x,wM3`3TA.@,Codi,Rotchell
dishaki3y,"wL8=b,w|td}$j<4",Daisy,Ishaki
wsisland3z,"oR0|QN""5a4&H@",Ward,Sisland
ddinkin40,rS2|o%NorA,Doralia,Dinkin
ocastellucci41,bP6`B*~ae+,Orren,Castellucci
rlilleyman42,dK0~=D(+S,Ruttger,Lilleyman
scudde43,bA2`RMOA,Slade,Cudde
hinchley44,nQ5&.Zh7\s>FTY=,Hedda,Inchley
esnel45,tI4/nEtHH'_Mb~,Erroll,Snel
sfolini46,zS2(N>L$u>,Stewart,Folini
irockliffe47,aW7*%oDj?skX$)q{,Ian,Rockliffe
ebothram48,iS2@%TZ1z&DU#2,Emmalee,Bothram
vrawdales49,"uC7){TlHgz!l,j0",Veda,Rawdales
dwildes4a,vU1&'XQF02/8|WFp,Donnell,Wildes
proyston4b,nL0|\dC}@I}0NTH,Pembroke,Royston
cocrotty4c,mQ4_BW=U\W,Christoper,O'Crotty
pwilmot4d,"aO5<PoBr1C""=",Page,Wilmot
ealbro4e,pU3|ncYySa3,Elmira,Albro
jstrognell4f,zE4(!CP\sN*3Ga,Jeff,Strognell
mtaw4g,oJ2`6J%mB3A,Matt,Taw
kingram4h,qG3$2R.>D,Keely,Ingram
crudge4i,sQ3+~DMM2J?nB.bN,Cassaundra,Rudge
cdewfall4j,iP3_H<3'bXDE1TV@,Cyrus,Dewfall
ldracksford4k,aQ7|w*@?\yM,Lexi,Dracksford
syakunin4l,tB6}1{X8a=7Qh,Shell,Yakunin
nshambrooke4m,aU4!\4%1!FO\,Noak,Shambrooke
mlerwill4n,"sH9=txJ""",Melony,Lerwill
mvasyanin4o,oN2}rzYXXtL_0+_,Miquela,Vasyanin
cdubs4p,"cW4""L{mu",Carmine,Dubs
jallcott4q,"tR1""$A$)$(YA",Jerry,Allcott
ljerdon4r,"zR3""U}8r4YKp/",Lindsey,Jerdon
ahusband4s,"mO5_PN&~OdwyH""",Angel,Husband
kbattams4t,"iC8|TUmIo2C,@cjz",Kalil,Battams
swillman4u,cI1$d<}HWzt!I%,Sofia,Willman
croswarne4v,yR2~0EovCD,Christan,Roswarne
tdover4w,pD5*Xrz\l6Xg,Tamiko,Dover
gmacleese4x,lP3!S4rADxT$3,Gabriell,MacLeese
ybetser4y,"rT3""@IEE",Yves,Betser
mpitchford4z,sW1<~}R|,Meier,Pitchford
jweston50,qQ4(%5V#,Jobina,Weston
agregorace51,tT4+l/kiT,Arel,Gregorace
pdalloway52,"vL8,nO`cR",Phip,Dalloway
sfinnes53,hC4|<!e7*Vl,Sibilla,Finnes
mvonhindenburg54,aL1>_M!#o?ULy'6,Malachi,Von Hindenburg
ibroader55,tF9?YS=C#.,Isiahi,Broader
esmithers56,dO4@(=\1{'!2Ew,Emmalyn,Smithers
bties57,fL1)J'7(,Bertha,Ties
gtome58,"nL6')ZS""""P",Gussie,Tome
csaward59,zW2&BEqWMD,Carroll,Saward
sswaile5a,qY6=?3COU8,Saxon,Swaile
lskittles5b,"kF3&xC9!\}JHw+,i",Lane,Skittles
climprecht5c,sO5>#7e5Z,Cherilynn,Limprecht
bmacrae5d,hH1'napjKi,Briant,Macrae
rathersmith5e,kK8>~r97UI9o~D8_,Roxine,Athersmith
cpadkin5f,xF8+\@E{Mj~=8_si,Chip,Padkin
ssquirrel5g,vX9)}aIhUJ,Spence,Squirrel
mcozby5h,mM1(4kzG,Maximilian,Cozby
dlaingmaid5i,bO4/d/VnBk2?F,Doro,Laingmaid
mcanham5j,kM6/qGW4.qj+u,Morganica,Canham
cmcauliffe5k,bT3.{\r03t_nV$z,Catlaina,McAuliffe
rhamerton5l,eR8!dy1=#Ab,Roseline,Hamerton
nbodsworth5m,lG3{I>gKqv3,Nicolais,Bodsworth
klyal5n,"qL8!w""t=x+hY",Kathryne,Lyal
gponte5o,cE3@Gn|M5,Guy,Ponte
jmatfield5p,oG2'g%dn.94FD\`,Julieta,Matfield
pvallerine5q,wR3*AZxhPXi,Pietra,Vallerine
jdoylend5r,cZ6<jSiNDTrh,Joannes,Doylend
cbrislane5s,kD3(k5=&Z,Clarette,Brislane
cbracer5t,"nI4~x""W32?u",Clareta,Bracer
kgavigan5u,uX5!6E~L},Krista,Gavigan
gfranchyonok5v,rP4~`yk<'Ruz+W,Gerardo,Franchyonok
wdaborn5w,gC0>He@$$/,Willabella,Daborn
kiacobini5x,zQ4$nifG_|!,Kaspar,Iacobini
tsacks5y,fP0'PeA)9<{+Z_,Trudy,Sacks
fmeadus5z,pH4{)=v{mCulPR,Franz,Meadus
drenvoys60,sO5*`I+a9#nX,Dallas,Renvoys
fduesberry61,"jM7'YNfpiGka},",Filia,Duesberry
rcomerford62,yU9}Q+linL}{mNJ,Reuben,Comerford
rwardall63,iL4}z2>1s.OgWe,Rosana,Wardall
falday64,vO9*jUzyWHW~,Fernandina,Alday
tmcginny65,"fF6)}'j)/Mw""9WII",Tripp,McGinny
grennard66,"nF8,%t(E""RAdT7",Gaynor,Rennard
baleavy67,sC1=LAabj$i/8SG,Brianna,Aleavy
hgrigore68,yW7!MWfh>k,Haroun,Grigore
pivanov69,bG8%PB8=|\Cw,Pen,Ivanov
vprigmore6a,iB7+BFE+Ya,Vanna,Prigmore
kalves6b,kE7%kN@}a==e,Krystalle,Alves
fwanka6c,yO8@8|SMaj,Francisca,Wanka
ysantoro6d,aN9}{A(aTazM9L8,Yevette,Santoro
awhitcher6e,pB5'KE5WkB#RK,Axel,Whitcher
jmccaighey6f,oD0/F)Yk(UtAI,Joshuah,McCaighey
mnewcombe6g,"yO2$|43WK@,qm",Margarette,Newcombe
dbradtke6h,eE7?+mI)Hobz,Donetta,Bradtke
cbelt6i,vE7*+6U1,Conny,Belt
dhugueville6j,"oR5.0c,Y_""{nu3LY",Daile,Hugueville
rmacnab6k,yW2`>y4QLURq63A,Rafferty,MacNab
amckenzie6l,mP0@=mY7AVA@,Alexandr,McKenzie
pantrum6m,sS1!Pw(tXp,Perle,Antrum
groz6n,bF3`HK|{*G{,Greta,Roz
emascall6o,tN5\<XJ.VV4%i,Evonne,Mascall
jellif6p,mK4_w51yMJ?{c{,Jean,Ellif
nspencley6q,tL5'ek$m)B$.87f,Nap,Spencley
cperle6r,yQ1&&O7$?.L,Calla,Perle
byounie6s,yT9@g\T~%O8X+c>j,Brunhilde,Younie
smacleod6t,gK6$_(6+*WR,Sky,MacLeod
bshiliton6u,"aT7?,'<Z/FZuUu",Burg,Shiliton
tpudan6v,iU9(k&eLD<,Tobe,Pudan
hmitchenson6w,oU4/wYP4R%/@Lk%6,Heidi,Mitchenson
vpeach6x,yA6~?$)/+K,Verina,Peach
bsteer6y,vE0@abI82,Bear,Steer
kbullin6z,"nV2)eKW$q(,E1",Kassey,Bullin
tskechley70,vX7#amEeKtw5,Turner,Skechley
hkirke71,"eH4=o""Dy{*H",Hans,Kirke
idumbarton72,vI4|>wCgw9+!H,Ivan,Dumbarton
kberi73,"rA1$&v*,)",Keely,Beri
tsutherden74,vH5>cvhO)N4(_mOw,Tommy,Sutherden
calessandrelli75,oI1%RM$DUiKAD+,Carney,Alessandrelli
katkin76,xG5?uq0GkBT,Kevin,Atkin
mollarenshaw77,nT3~x/D/X?)z6,Micheline,Ollarenshaw
hlesmonde78,"pA6,!Qd/ea\Su6",Hephzibah,Lesmonde
fduckinfield79,yA2/lH`2y,Frederica,Duckinfield
jtunnicliffe7a,"nZ6/m""*D&a=<X.",Joseito,Tunnicliffe
ivenner7b,"sV2>P=""=E?",Isaak,Venner
abunclark7c,"nE5(jb""ERLL",Arny,Bunclark
hlardeur7d,"jO0}""GhID>tT?waR",Hewitt,Lardeur
gshillabeare7e,mI9_\|4J{nzfzUD,Gwenette,Shillabeare
gbrunton7f,pU6)}ElW,Giacobo,Brunton
msumpter7g,"dQ8'skJ""mG",Meriel,Sumpter
pgilder7h,uM1+*6OL0Rjw,Page,Gilder
swhitlam7i,"vR5(""b`<{tAe",Spence,Whitlam
ctorregiani7j,"dO3.Y~h|lB_CL,",Corbett,Torregiani
cgoldsbrough7k,aL4=u5BUC+,Chrissie,Goldsbrough
abaynard7l,hN8&r5Cj&r,Adrienne,Baynard
nanthony7m,xK7|Ee6m\7lZ1ED,Nancee,Anthony
spellew7n,"hB9|f,%?\I3r!#}O",Shell,Pellew
nhalliday7o,oO0{mV~.bAp,Nerissa,Halliday
vdonneely7p,"uQ0*,DL>BUtpo4P",Vaclav,Donneely
ovasenin7q,nI4%I!ROYJ$,Olivero,Vasenin
rwitherbed7r,"lW4@}YnrV<gR4I\,",Raine,Witherbed
mmcelhargy7s,gB3(F0}@,Michail,McElhargy
bredemile7t,xY4>'CCZ,Bradley,Redemile
dcoppins7u,dF6#nEAs2c,Dexter,Coppins
wcramond7v,rQ9&b@/z<Ke4,Worden,Cramond
vskirrow7w,eM5)asYa<JU!IW\K,Valentijn,Skirrow
lgircke7x,iE9#X\n@3)c,Laurie,Gircke
jsellstrom7y,sK1+5SB(fV,Jaye,Sellstrom
rmahoney7z,"fZ4',RToC>LO*nJ",Ricky,Mahoney
cstitwell80,mH1+30fgfJYz@q6,Carlie,Stitwell
mbaskerfield81,kC1<2%@AHs,Marshall,Baskerfield
aspiaggia82,pE5*AeJekg,Alexa,Spiaggia
celecum83,rT7\E.JN,Cathy,Elecum
mschottli84,sI7<V0g/W,Maritsa,Schottli
ksambath85,pO6&}Pt6h<GHT,Kinna,Sambath
mgarm86,lJ5'Xy{Uc,Maurise,Garm
rwasielewicz87,dN5=VFh6n,Raviv,Wasielewicz
cpurser88,eM0/r{v&}&4d,Claudian,Purser
cdolby89,zJ7'')(\FU\nYR*,Chastity,Dolby
bannesley8a,nF5%q@R+jS9w>H,Bernardina,Annesley
kbanisch8b,"dY3""v%LttAs>z8Vm",Kristine,Banisch
bhuskisson8c,zL8%Lg7fHEr8!,Bren,Huskisson
aiowarch8d,nK7/Lnn$.%<?XlD,Arlette,Iowarch
cyushankin8e,jM4!KC50cZSo!,Cristi,Yushankin
tkneeland8f,fD0&_x77P,Tonnie,Kneeland
cpovey8g,tG9#5t(jq!_KI,Catherin,Povey
sbullin8h,dS3(\_<q8(%,Sheela,Bullin
vtomasian8i,bS1~jT?c6,Valdemar,Tomasian
ccudde8j,bL0)(h>x68,Craig,Cudde
hhutsby8k,iA4'q$(}Cp.UEW`K,Hamlen,Hutsby
singry8l,aT1$<=v_k,Sibyl,Ingry
emaccaughey8m,"bW7}?""pU_j5qqCqS",Elvira,MacCaughey
msimmank8n,"oK3,@4oACo*WK",Maurise,Simmank
wevetts8o,"dL5""RV{yx)G",Wheeler,Evetts
dfortnum8p,jJ0>EH`F,Darrick,Fortnum
mpetrakov8q,sD3<uWov?,Matthus,Petrakov
bbaldoni8r,nW0|Gevx~P@Cc`?,Bryant,Baldoni
fcristofari8s,xA9+#bs8F7(p8HK,Fredi,Cristofari
sknapper8t,jX9+sqDY*,Sheena,Knapper
jmonkeman8u,"cC2@""\0V@cA$""\F",Jesse,Monkeman
lmorland8v,wT5\I>u~fQYDcB#O,Leonard,Morland
bchristophle8w,nS4~=WzP,Bradford,Christophle
acolman8x,mH9>sTw#GI2J,Annabela,Colman
jfaltskog8y,"cD0~b`DhF)&{k5""",Jeni,Faltskog
tlucian8z,"mW9,lS&(|}ok5Gp",Tarra,Lucian
bfehner90,iM8'N|2q=G|,Burg,Fehner
rstannah91,hA2/7}uvP6i,Russ,Stannah
nskim92,"jI3{{}!ukK7,>",Nicola,Skim
drolin93,aV0\91?2,Darnell,Rolin
hgounod94,hG7&Z?vc{16,Haven,Gounod
grotherham95,fK9&4t188,Gray,Rotherham
esimester96,sR7{=Ma.G,Ethelyn,Simester
hubsdale97,mF5<_\jV!&,Hunfredo,Ubsdale
agrono98,gY4`#o>`,Andres,Grono
wgaskill99,xL6&2Y`BYdl\s4,Wakefield,Gaskill
rsmead9a,pD5~~OTg8F,Raye,Smead
cchanter9b,jK2@6\!t,Cami,Chanter
pwaiting9c,vT9.0LQ'1,Philipa,Waiting
lboyett9d,uF1*7$9l,Lissi,Boyett
lpatise9e,fG7@7H&Eui>Ja,Lamont,Patise
mianetti9f,vP0/#yJke}/%y,Michele,Ianetti
mkarslake9g,"nZ2+u|@yy\|Lr,$",Milzie,Karslake
awindress9h,kY6<C`em,Alberta,Windress
bmiskimmon9i,nI0{hO}l,Brooks,Miskimmon
dbridell9j,kA6{TBbYT'5,Dianemarie,Bridell
hblackader9k,pN3$*SkU~`mJq},Hyacinthia,Blackader
tleeuwerink9l,xC6&U@.WLe,Tabor,Leeuwerink
bgives9m,"cE7)oT05vI\,H",Barbie,Gives
bfitzroy9n,tQ1\/|?V<1MxTqh,Bartholomeus,Fitzroy
mcayette9o,uK1_P\2tR#.2{?,Murdock,Cayette
adarwood9p,sP4\jnov)Y,Allyce,Darwood
nandrusov9q,rT8!}G8+MhAMpV}P,Neala,Andrusov
gfoad9r,sA6?lc'qPb`63!,Glenda,Foad
wbartleet9s,mN8)yVL+=NvX,Willie,Bartleet
cdeangelis9t,"qG5=""%ed+n",Codie,De Angelis
nharty9u,xG9=YW(2Y?g,Nahum,Harty
mpaffot9v,dH6<IQ@Sf)5Z<{,Moria,Paffot
cclavey9w,wR2&x\?X4b@,Carlie,Clavey
scullotey9x,lJ9>Pz)De#@EalP,Sam,Cullotey
dcausnett9y,rT4!hq4BRSH#HOn=,Doloritas,Causnett
gacey9z,uZ3&Ui@@NCuq\},Giovanna,Acey
cpinketta0,"jM7!j""j&=9",Clair,Pinkett
hsabathea1,jI7'P&\Yg,Harris,Sabathe
tdietzlera2,xR2=1MY5Bd@k0?Jy,Tansy,Dietzler
ltumininia3,iE0>xK~LG|\o,Lucy,Tuminini
rhadigatea4,dW4)lo>fii0M!s9J,Ruthie,Hadigate
mnaula5,wG2>f_8Voi8do<,Mellisent,Naul
gezzya6,vC9{0GtjEg,Gearard,Ezzy
cparratta7,qY5(X{`.,Cordy,Parratt
kkopfa8,qR5?fVhU<{g3Ty,Kippie,Kopf
kdedantesiea9,pH7)ltAC7F6,Kippy,De Dantesie
gparkaa,"qL4,1j0ON|YZ>",Germaine,Park
ldungateab,kE2=%Bld5qNyFmo=,Lelah,Dungate
emilnesac,jZ1>N+o8K_D(R8,Elvina,Milnes
bduhamad,uD9~TX>+9p3E,Betsey,Duham
pkearnae,"mH9""?JExDWo<KNI",Palmer,Kearn
mmouseraf,mW2?!QvacI}JM,Mario,Mouser
eskipponag,xC0|tL21vJ`T(V~Z,Ella,Skippon
zbortoluttiah,sU8|rqh3aH,Zorana,Bortolutti
rmacfarlaneai,tF2@'=T?SCWG)/,Renaldo,MacFarlane
kmeaghaj,"lT7,M#.{mw",Koenraad,Meagh
udecruseak,"aK7'jn\0}""Z~#",Ursa,Decruse
jcoulsenal,rR0'uuihN&S,Jemimah,Coulsen
ckinzelam,nI4$T+p@DK,Conny,Kinzel
gheseyan,wA7'ps#@,Guthry,Hesey
iahlinao,xY9<>i|&e}.,Inez,Ahlin
alunnap,"hJ0,P(>?RpQlz",Ahmad,Lunn
blarvoraq,tK6|Jjw`3iK}5,Blondell,Larvor
mjestear,vO4#r|\Fm,Maria,Jeste
aglencroscheas,tZ0|9u3kA)1,Alastair,Glencrosche
mmccandieat,gQ6%%i{URm,Maudie,McCandie
pbuckstonau,dW7+uVk.unsL,Pembroke,Buckston
mmouncherav,eO2`JHA+,Mignonne,Mouncher
rsimanaw,wZ0*NW41Tiq4r(,Rani,Siman
tlaugaax,vG8<`V%Elzi%,Tye,Lauga
tfiennesay,tO0#C{{hK/,Theodor,Fiennes
amachostieaz,aK1!YQg?DY=MH@P|,Alyda,MacHostie
aarrowb0,"yU1,+vwp",Armin,Arrow
ahildrewb1,kG3<}8xDF,Aeriell,Hildrew
kyearnb2,wJ1)p/$XW,Keri,Yearn
jlopezb3,iI1%)Izf!`,Jeniece,Lopez
ypleasantsb4,jC8#zx9<JP,Ysabel,Pleasants
kwhitefordb5,dR1+V9KEJ,Kurtis,Whiteford
sfinnisb6,zJ8/d((kfCr#,Sydney,Finnis
dskipperb7,oE2&l7IqO=w7~Z?,Dulciana,Skipper
bethridgeb8,gK1<LT#muz,Barbra,Ethridge
abrittlesb9,dB1>Csz<Ff?3H=W(,Arluene,Brittles
jswinneyba,tX3}NT`g|s,Jeno,Swinney
nfilpobb,eS4`r3NB,Nil,Filpo
sglazebrookbc,dB0+7Da8W!4S%Ts,Sky,Glazebrook
rtrehearnebd,"mF0""otXcB(VU{#ln",Reiko,Trehearne
klockebe,kH6&Mlm>,Kora,Locke
cridsdolebf,"yA1\Yc7}*?,Xi@o",Claudina,Ridsdole
dworrallbg,dU4<SsV5S,Dallas,Worrall
kambroziakbh,yC9.\D+wkz6@luf,Kynthia,Ambroziak
ggranleesebi,"wP9""%m}_",Gearard,Granleese
aandreaccibj,gI0(&R7KiFgbK.,Adrian,Andreacci
cpiattobk,aA7$`hblUsSMd,Cally,Piatto
imaccrackanbl,hW3\CGY1OM{H,Itch,MacCrackan
cgrubybm,rM8(Rk4<s7<O\8\,Coralie,Gruby
asellnerbn,wO9>'ph~#`WP,Ashley,Sellner
rsmileybo,"oL9%c<Jl>5Y<L(,",Rafaelia,Smiley
mchallenderbp,wP0~L(C#,Mason,Challender
sbisattbq,sH6~JRsH,Shannen,Bisatt
kpersianbr,hZ8=MaH0cPa,Kirk,Persian
amacparlandbs,aM7$pt}<?|~Q)f@,Anestassia,MacParland
cminallbt,yA1@isWhrGzWR,Clarinda,Minall
gbromfieldbu,"vF3.""|QV",Gladi,Bromfield
dhowsleybv,nK4`\|+\+)0UY},Deidre,Howsley
mchacebw,"qK0!hk_0>?z,",Matty,Chace
lperringtonbx,oR8_Psx*Hj,Lief,Perrington
nericssonby,aM0|$?lsIl=/1,Nial,Ericsson
jcopellobz,nP5>(<U57cnR,Julina,Copello
mchallicombec0,wS8#ssorZX+PtE,Marchall,Challicombe
eloynsc1,fT6@/w@75HaW,Elonore,Loyns
awishartc2,lI9>%9`m~=Lq_Sm,Allissa,Wishart
kcavilc3,"iM8_OV6,UO5,2",Kaila,Cavil
kwindusc4,"yE6'oS~#d8f,0u",Keenan,Windus
mstrettlec5,"qW4}""4#M",Malvin,Strettle
tmaffettic6,mA5\Q1uPy~%7`EE,Tanitansy,Maffetti
uolearyc7,pX0&yiT\Gn,Ursulina,O'Leary
abulbrookc8,dX7~Nu)8cy,Alford,Bulbrook
oimessonc9,oW3~\NeaqX8eAA+,Octavia,Imesson
oarnullca,cS5%H5=?1y~,Octavius,Arnull
mscampcb,cN3%?yo$CBo?,Michell,Scamp
sminettcc,"gN4,WBkHTi6(",Sherwynd,Minett
sgoodalecd,pW3>mA*e4ZiTcl,Sheilah,Goodale
groderce,tZ8(&E23GEct#O,Gustave,Roder
kternouthcf,kP5_KW'nO4<_,Kimble,Ternouth
gboyfordcg,rH9({b}(,Georgia,Boyford
aloveladych,uK1$t{>bFXyZ,Audie,Lovelady
cutleyci,"iS7,OK9KVj",Caesar,Utley
kbaconcj,"zR5,m3tg%bpE>s7",Keriann,Bacon
nstackck,wK5}m=>BFF,Nata,Stack
hkovalskicl,sB1>I~|qv!?bYs,Hubert,Kovalski
ksouttarcm,vR3%7$dR0pB+{,Karl,Souttar
waglionecn,wJ2?>`{@,Web,Aglione
urangeleyco,qH4<*$g3`@$<uZ3,Ulrich,Rangeley
dsymonscp,"jG6*N""}9",Danna,Symons
bhollerancq,eQ0+Fy.Bukm,Binnie,Holleran
mburnecr,oI2_tnm\hkRTOoz.,Meier,Burne
olummasanacs,nK1<1ccoWv|frh<K,Orelie,Lummasana
rkohrsenct,"nU7</""?""Egf,",Richard,Kohrsen
mgarretsoncu,dC5#aLLP\Te,Melesa,Garretson
cticklecv,oQ5/qZ*_l@w,Chere,Tickle
choyscw,rF9*RC|$crTEYEAk,Catlaina,Hoys
rglasspoolcx,yB1~qLsgKB8d,Rodger,Glasspool
mheamscy,eP6'h#(&k.u,Mehetabel,Heams
pdackombecz,sF4%!NB6l,Pam,Dackombe
jbannermand0,"vV1""H""cXlAx#DwE",Josie,Bannerman
ktendahld1,zX3#KFucUu,Kirby,Tendahl
edeavenelld2,wV7<B9KfHbRl6,Elias,De Avenell
eschleicherd3,"uI2,m)!4bV.X""",Early,Schleicher
ssomerfieldd4,yF9.*nX)q8HBg,Shaw,Somerfield
lockleshawd5,eW7|l?&(,Lou,Ockleshaw
czavattierid6,bL6#FjVY,Cordey,Zavattieri
nwoodesond7,"jD6""Grl$ou0{",Norene,Woodeson
ewimpeneyd8,eT5<e4En(2</#a,Elizabet,Wimpeney
sficed9,hV4\yJD_2LW75&K~,Silvio,Fice
naujeanda,lK7$W~Ow7a0p7pKM,Nessie,Aujean
sholyarddb,eV1&`c`C_g'G,Shirlene,Holyard
psiddendc,"zX3~tn,yuwK",Patience,Sidden
kbalcondd,aM2}XTF|6`D,Karel,Balcon
nmcelhinneyde,"hE5,3n`_Wca>",Norbie,McElhinney
tbankerdf,"tY0`zX|Ytap7""<|(",Townsend,Banker
dsherlockdg,sO1}0C8f+rwH8,Dael,Sherlock
cabeladh,hR7!Mj=!QF3,Casar,Abela
bmacgillespiedi,tP3`Mn=2,Barry,MacGillespie
fduckitdj,rA5<=3kDO2v&,Frederick,Duckit
tgathdk,eL2>6h$~<5,Talya,Gath
dstroobanddl,jA1\Uf4Oul|`p,Denice,Strooband
jpitcherdm,fH0=2qD4v+U@hbU,Judd,Pitcher
ndebenedettidn,oX0$dsJL!gAb,Nessa,De Benedetti
bstormouthdo,"pY1,ormu",Benetta,Stormouth
rbaggettdp,oD6@DtIF,Roana,Baggett
mdyshartdq,aY6%$wkoVb3Z,Mamie,Dyshart
mclemenceaudr,qF5<@)%Ic,Malia,Clemenceau
ckennlerds,qP8}G{c3SzOeED>1,Casper,Kennler
dginnellydt,tT8!EYQipRY78\v,Damian,Ginnelly
gkrojndu,iL2\sW/T,Gerti,Krojn
nfortescuedv,"kA9%""ak+oA''\PJ",Nelie,Fortescue
fflemmichdw,"lK1<,""M$Zm(/GVX|",Franz,Flemmich
wjeffersdx,gV3{`l*9k,Wendi,Jeffers
bhallwelldy,fC0.(~8',Beitris,Hallwell
alenniedz,"jG0""58<#",Anderson,Lennie
ahuette0,"iI6#PMxq1(}""F",Alena,Huett
nbroadwelle1,rG5'VdnV&,Nannette,Broadwell
dburstowee2,mL2#k`/AP?gs,Dori,Burstowe
lkillocke3,wU7=o)WWg~,Lyndsay,Killock
jasquithe4,iW6{HELP,Jorey,Asquith
ncottee5,vB5!8N#%\7\s~KHC,Nanci,Cotte
crollse6,kU6|9YYz}~?#,Carmencita,Rolls
chansode7,wZ4<h=oxUj}B0Ty,Charlot,Hansod
jbulleyne8,qW3+RT?y2nG,Jervis,Bulleyn
massure9,sD1(NKZ1<p9,Milzie,Assur
etearleea,"eH6""eD?!,",Edik,Tearle
pjesseeb,"aA9""JHHj&t+Dp/My",Patience,Jesse
mherreranec,cB2)/}v2l,Malena,Herreran
qgearyed,"xG6#w4MXIr.qhQ,'",Quentin,Geary
dmcgarveyee,sR5={<_3LFw?gF,Dilly,McGarvey
fhagstoneef,"eY1""<QE8=0|@sDtA",Frederico,Hagstone
tsemaineeg,jI6%K5GO$Sj<,Templeton,Semaine
kpitmaneh,zV6>%~Kk,Konstanze,Pitman
gcopsonei,bZ4/4<&|TSP,Gonzales,Copson
aennsej,sE5(>OGEy{T6pGmW,Arvin,Enns
dtomlinsek,aO0@Gb0){,Duffy,Tomlins
lbalesel,kK8>|_}(K|,Laurella,Bales
cgergherem,hY2<&!NsT+g,Cristian,Gergher
wkershawen,qP1|O1D0fxP\H&{9,Wilden,Kershaw
bamyeo,gX2>YUbv,Boothe,Amy
ehayseldenep,"vI7""_uWBHEO",Emerson,Hayselden
jcejkaeq,"uA1&|n1aCLle,<Fb",Jeana,Cejka
mblanner,"aF9>*,=qh,K/PaR9",Malissia,Blann
ethurbones,eR3.piW8ZO~\U,Elvyn,Thurbon
lbarrandet,xY9(('/plPiw7Cy,Leontyne,Barrand
kghelerdinieu,hO6(oSe.zg,Keely,Ghelerdini
gmactrustyev,dM0_bRcB@,Glenda,MacTrusty
zstockportew,lC5|0ncx,Zollie,Stockport
bmateosex,"vY2""rceW*?v"")=*",Bobette,Mateos
pyeomansey,"yB0,NaMK",Phillip,Yeomans
dswaingerez,zP3/6OL.lp,Dudley,Swainger
fwetheraldf0,"tX0(xGJ\F/n&""KH4",Fredric,Wetherald
jpeasbyf1,iW3<L`sx.s`M.=,Justine,Peasby
gbaumlerf2,pV0{i9@GwO?IK,Glenn,Baumler
tsedgefieldf3,hT7`79qs,Tabbitha,Sedgefield
lfitkinf4,bE8#j6E&wCV_,Lou,Fitkin
osommervillef5,"fO2~a,!C",Ortensia,Sommerville
jfahrenbacherf6,nY4+\R!#7{f%>p@,Jobyna,Fahrenbacher
ekauschef7,"vF3!,iKKVNm}a",Emilie,Kausche
espavonf8,"sS1,?CEW<yQ!",Elnora,Spavon
wanscombef9,qM7*p)5)Cj!@,Welby,Anscombe
rsmietonfa,gH1@D.#&7f(HE,Robinet,Smieton
vfawderyfb,tM0?DeRE8zim,Valaree,Fawdery
jskeelfc,tE1!1OsGh),Joyous,Skeel
gbescobyfd,yH2<lw<@YC~i,Gail,Bescoby
lchinnfe,vF8!AsRXiv*iQn*,Lura,Chinn
njarrittff,vX5=qs.jPL2O,Normand,Jarritt
ralbinsonfg,wN7@Ll0T),Rhianna,Albinson
emowerfh,sZ5>?+#OSQ9kZ?@5,Erminie,Mower
ddrewryfi,aI2}V2!!@1Tp,Dorothy,Drewry
cjoirisfj,pH5|FY+2F0`)|>,Carlie,Joiris
fboughtonfk,"qL2""(R`0Q",Fielding,Boughton
tcraisfordfl,sP1~Ds)@v`R,Trumaine,Craisford
jkeighlyfm,"nH9\ME~*,BA""",Jacintha,Keighly
areviefn,eC2)G'u!w,Augustine,Revie
kpaolinofo,zA7#T0ln3M,Kurtis,Paolino
alamkefp,hL8)uZ=X,Austin,Lamke
tmaiklemfq,aW4|QZ(x,Teddy,Maiklem
alamdenfr,"lD8|o""LoV""C5/M'",Alix,Lamden
eansellfs,dO6=M\5O$,Ellene,Ansell
mfliggft,iO4\5B8kFh4+,Meredithe,Fligg
fvasyutochkinfu,gF3`9<60,Franzen,Vasyutochkin
sbarnsdallfv,lW9|S.h9i,Stan,Barnsdall
edykafw,qM2/m(kBh,Ebba,Dyka
tmanderfx,jQ2}.G01.B$>8G,Tulley,Mander
cbenoyfy,iJ8>`*8S,Cortie,Benoy
ptowerseyfz,xR4_&mQ7U,Petey,Towersey
clenagheng0,iC6>pfnml=af(,Carmelia,Lenaghen
oredgroveg1,jV5_5_Lcx,Othello,Redgrove
lmcardellg2,oC0+U=0Rv?2tE),Luisa,McArdell
cmadineg3,"yZ6=""F+&6x",Cyb,Madine
adickensg4,wM0(cKSJ0,Antonino,Dickens
wconnachang5,lS9>8y5zLSteX{sf,Walt,Connachan
rshoebothamg6,hU0=Js9}K7VXi$7o,Robbyn,Shoebotham
btuteg7,hZ4)g@sF#5H,Bryon,Tute
mstanelandg8,dR0!yHRWn7t,Marv,Staneland
bstoddg9,sT8!*h1>T,Blisse,Stodd
gfrierga,dP3!v*fV7A+6,Gauthier,Frier
cgierathsgb,"yI4""\hQu",Cherin,Gieraths
dsirlgc,xC2#DmHP!)},Dena,Sirl
mmaungd,rK8*.313>YaX6t,Mikey,Maun
mbowndege,pS6)284TshjgW=6~,Monah,Bownde
bsibborngf,"wX2,55kH<z+C?{11",Bibi,Sibborn
mdeperogg,aG6+A8cH},Moselle,De Pero
jsweetlandgh,"cS8,Q5+iy{*",Jobye,Sweetland
dgoodhallgi,kQ3|k}4B*s,Darline,Goodhall
cweymouthgj,wR1(u#enE44+,Clark,Weymouth
mtutinggk,dL9{fw'Mvpy,Marion,Tuting
mlangthorngl,kC5$qf`_G)fva?,Mareah,Langthorn
hcartwightgm,"rI3`<&\Y,.}v){P",Hashim,Cartwight
ocumbersgn,pJ7.fxsl,Ody,Cumbers
byantsurevgo,"yO5`""ngcOY7b9q",Bartholemy,Yantsurev
kmarriangp,cC1=cpe?S,Kleon,Marrian
clemargq,zF9=i_y#<,Constantine,Lemar
rledfordgr,jH9>x8Ke7Rv5,Ricoriki,Ledford
bferriegs,rV0\4HWDw$idp,Bendick,Ferrie
kmcmenamingt,wD6}W2F?!,Kelli,Mc Menamin
jmogenotgu,eN6_WZIdX9f,Johannah,Mogenot
acordergv,yR7<AF5j)7D<}b,Aleen,Corder
asyfaxgw,oT6*Fn?(D>!t,Ainsley,Syfax
sleefegx,fD4{5kvHDtCW~,Sofie,Leefe
nvilliersgy,"pI8)2vW>9Jld""",Norry,Villiers
gmerrigansgz,"rW9!G,7IK!='",Garey,Merrigans
jroomh0,fX7.89`F}}fXeRJ,Jakie,Room
bbelhamh1,"eQ3""xpWOSAj%e",Burlie,Belham
dmanwellh2,pC8!'eQU|wF\+,Dionis,Manwell
btabourierh3,kI9|iFR!eOs=<,Beatriz,Tabourier
ktomaszynskih4,"pI1,Lc7x",Karen,Tomaszynski
ahinderh5,dW9'H(P|U|A(<=Q,Aleta,Hinder
pdavenhallh6,vJ6/u`o=|=sM,Pammi,Davenhall
swasbroughh7,wM1!ZSjMq,Sofia,Wasbrough
clinfieldh8,wK1+Q~q$W1y3BmZ(,Cross,Linfield
amcnirlanh9,iZ3<3ns{?XI\,Annetta,McNirlan
dolivierha,"bN9`X3Y%D""",Donnamarie,Olivier
gjaymehb,mQ5>V</ZO3{bE,Gerri,Jayme
upolethc,aH0.~$zzc2Cx{,Udall,Polet
sflagghd,wP5<+54HL,Sioux,Flagg
ejigglehe,iV1_UY*ge&m,Elmer,Jiggle
cislandhf,zW8+){Af,Clarette,Island
ldecourthg,kA3.#J'ON,Lissie,Decourt
mfeaviourhh,tI8$}z+INR8),Myrtia,Feaviour
wkernoghanhi,kX6*z`iqaiS2L{/K,Worthington,Kernoghan
mdrinkwaterhj,oW2#\T~rO,Mable,Drinkwater
adrillothk,nW3*}54%Jb(D%,Astra,Drillot
dfishpondhl,yA3\JCBNPnO,Delores,Fishpond
qclementihm,dB1#XV*P/,Quinta,Clementi
hiskowitzhn,hV0\EO/a/,Hedwig,Iskowitz
zmacgillivrieho,rA5.S)&X(cOkj(,Zenia,MacGillivrie
mgonzalezhp,"zM7+l.?I',@+H",Mabelle,Gonzalez
cscawnhq,uU8.M6Y{,Correy,Scawn
cbriertonhr,zU8<c63}~V,Carlie,Brierton
lpendallhs,rA6?WIKGX,Lucilia,Pendall
acheetamht,cQ1)BAWpA,Ad,Cheetam
mpallatinahu,"uA3""kPUE$>y9&V>",Mirabel,Pallatina
mjachimiakhv,bA7>js\{K,Mikkel,Jachimiak
jbettleyhw,qT1}jOmxw,Jaimie,Bettley
fcowelyhx,yU9|'N/P1!~<=`W,Ferd,Cowely
rnottlehy,aS0!Y'xVwBaCi$,Ronalda,Nottle
rsellenshz,nS7<V}t#h~,Ricca,Sellens
jmcphillimeyi0,nK2&RB_A2C0EyM2A,Joe,McPhillimey
cmartinsoni1,vE9`0oB5wp8y/,Corrina,Martinson
lhodgesi2,qI4~n*iVr,Lisa,Hodges
jbouskilli3,aL0=s+XHyfsX7fN9,Judon,Bouskill
cwalrondi4,"lM6""szKGAIDS>0lR",Cly,Walrond
mwhildei5,"kV8,{+7%W,T",Marty,Whilde
ndunthorni6,bW4|`R'(,Nancie,Dunthorn
lpadgetti7,"hR2`0YM\sh{BM/A,",Leonidas,Padgett
cearleyi8,"gT3+.>8iU54d'~,0",Carmita,Earley
bbeacrofti9,mS6`.QB}Daj?Md.i,Bernelle,Beacroft
alednoria,sL9..?hoFOT<&c,Alonso,Lednor
sdonizeauib,"bG3""j}ZNno_S=",Sharity,Donizeau
jnorthedgeic,aA8!oTam'hW3'RNe,Joleen,Northedge
bprevettid,nO6@'NDnZs,Bondy,Prevett
mmckinlayie,yR4>E@UB@V}8,Milly,McKinlay
bgoodfelloweif,nV1%\RbY+z)GP,Birch,Goodfellowe
loganesianig,"jO0_,1GngwOqM/s",Loralee,Oganesian
isiemonih,pU0!ku~R=h%i,Ignaz,Siemon
dcheyenneii,cQ9~u\jA,Doreen,Cheyenne
arichardesij,fT7_bdF},Aurthur,Richardes
bmermanik,gE2`{wP@FX?x,Boote,Merman
ysannesil,"kE8`FtNE5,",Yevette,Sannes
asilbertim,sN5=$r54tRUkVJt<,Alaster,Silbert
lmchirriein,wV2~LDt7nz#cFj`y,Lin,M'Chirrie
ggalvanio,cW5)$1Rb(Ow!,Ginger,Galvan
bpothecaryip,uX8's+747,Bradley,Pothecary
mkinchiq,oC0\{0dA,Minna,Kinch
pmityashevir,eC3?Q1l21p#Z,Philbert,Mityashev
pantonikovis,"bD0@\Xa5(*QjH""\",Pammie,Antonikov
mshuttit,dW3>%?_0}r5_@jvu,Marika,Shutt
dchetwindiu,zP7<'ZHCTepmCy\,Dwayne,Chetwind
bplentyiv,iT1\Y{>L=#j/WfN,Birdie,Plenty
nchildsiw,"yQ3$$/A(N%\O'c,N",Netty,Childs
stuttiettix,hB9+rC|I,Susannah,Tuttiett
ezuaniy,sA2%3Zl*#qXW&ly,Evy,Zuan
lmcnelisiz,"xW0,hr_9S",Layne,McNelis
crankmorej0,"oO3&WJ)`>!l~C%*,",Coreen,Rankmore
ehalpinj1,zG6{rjpgW?6PX&U,Euell,Halpin
mmorchj2,dQ4#eD=xmUu5l{,Marice,Morch
rcarruthersj3,gP0.gnAKh,Rivy,Carruthers
moffaj4,"wZ6*jLq,`n",Marten,Offa
kdyshartj5,uM2>`ZcxoY,Kathe,Dyshart
mcarseyj6,tP5~wZAS7BbsBVX,Mehetabel,Carsey
lclemsonj7,yT4>r8gr4IHkXK,Lizbeth,Clemson
aprozesckyj8,vW9@I5Z&}M,Andy,Prozescky
kluebbertj9,iH7<ljEig3U,Kearney,Luebbert
gfraneyja,aJ2/1tzT,Gordan,Franey
dwottonjb,qQ4`@+aXyEa,Dynah,Wotton
wcleugherjc,"tF5+\JR3""ZK,#ew",Wye,Cleugher
mhinkinsjd,mS6(IK+h/,Mari,Hinkins
jbendelje,"uE9+X~!Ig""x",Jolyn,Bendel
ehuikerbyjf,sK7\xWkwjmI*wD`,Erda,Huikerby
tpeattiejg,xG6@A`nhIfYE,Teddie,Peattie
gshaddickjh,aY9%a=qTo$1ogpe,Geraldine,Shaddick
cbrownsmithji,rB0`ZIlVT.d}e,Cherie,Brownsmith
iwilejj,rQ5'@HY0_'Vj=X,Ian,Wile
aklimowskijk,iM0$VB\=|w/&&4=,Alair,Klimowski
kboulgerjl,lL9\\&6r@,Krystyna,Boulger
jkisselljm,"qC8_)B,wCGR>,H",Jeane,Kissell
dtoffolinijn,uX8%Wv401hW9,Dexter,Toffolini
tlansleyjo,qM9'(jr|PeoC,Tamra,Lansley
aweildishjp,xU0~@>wc,Aldon,Weildish
cmcdermidjq,rN7.AQEz,Clarinda,McDermid
abaltzarjr,zR9}x6ACNkp,Alistair,Baltzar
treilingenjs,lZ5)Pk_33!E89,Todd,Reilingen
eemerinejt,vU6)%h{G,Evey,Emerine
mmaragesju,zQ6|)I?xlKEY,Moritz,Marages
cszreterjv,rG5\w=c+i,Constantin,Szreter
landrzejczakjw,jK3(P8D|,Lilli,Andrzejczak
cmaylottjx,"kD4!""QLYK+iQ&r",Claudia,Maylott
jmumbersonjy,mE1#j}vYtP,Jarret,Mumberson
mgrouveljz,zF7@zW#KGf3o,Merline,Grouvel
pcannerk0,jX3#+L)#KhB2,Petunia,Canner
odowbakink1,"gK7_61Q+Jf&|,dO",Oralla,Dowbakin
dpregelk2,qJ4`~e<aWKmgL,Dru,Pregel
rissattk3,oV0*iDYVQvYSs*,Rosella,Issatt
nslowcockk4,pH2=''5m,Nelle,Slowcock
aterransk5,nU2__?mk8,Ardelia,Terrans
mjellyk6,"qE9{UM\P%,ur",Margarete,Jelly
ebarkesk7,"jX5@FVA""A#|~u?",Easter,Barkes
icalderak8,uE9/dRB5qZlXU|T,Innis,Caldera
rsulllyk9,dE7{HN?kUqJ3Qp,Roma,Sullly
tpitrolloka,yU2<PYS`T!XH,Thaddeus,Pitrollo
epoorkb,rS1@tUU_V,Elva,Poor
meeftingkc,oR9\s/%)V~?eu*,Matti,Eefting
vchithamkd,rD5@%X?w7vgI,Veda,Chitham
mgrzeskowskike,vJ6#Aa}D1,Murry,Grzeskowski
dharbarkf,iI5.9&mx.rWmY,Dorice,Harbar
awillartonkg,eC1.b!@S,Alexa,Willarton
jbootherkh,lN6!6/z>.edpYEsG,Jude,Boother
fminicoki,yG7<6UP\>r=,Ferrel,Minico
sdarthkj,jG0{@=aBo6!,Simonette,Darth
ckellykk,qZ8|RhbXHKY>_r,Connie,Kelly
kkinastankl,iL3+4}hW{Y,Katherina,Kinastan
cusbornkm,jA2{O|6PLeu}{j,Carolyne,Usborn
nkinvigkn,"yZ2(Y4L..5`,v",Nert,Kinvig
mcavendishko,wR2?9'uZcbG9&%,Martelle,Cavendish
svakhlovkp,jJ7$s@{@oBL,Salvador,Vakhlov
afoyneskq,"qJ0+k8,q=&mnHjl",Alma,Foynes
btoffanokr,gU1.O\ut1,Birgitta,Toffano
aguiotks,lO4#Z/VDZ,Arri,Guiot
rramsbothamkt,uD8@|2nB=rz,Rea,Ramsbotham
bheiblku,"yQ2""zEFS_*=o=8J",Barnabe,Heibl
igriegkv,bA7+u<M96.{O,Iona,Grieg
cwaycotkw,aN9*6o`OD|_9),Caz,Waycot
wdivinakx,yE2#Aj|oQ(>SxQ>6,Wilbur,Divina
dsinsonky,qK8!Wb=C4/',Daphene,Sinson
lglowinskikz,lH8?*F50_v{,Laureen,Glowinski
eroulstonl0,qR2?mz+pmskU,Engracia,Roulston
rwattingl1,"lV3=y""Gy$2U\Iz@s",Ricca,Watting
ssturtel2,bD0.*gqTq\So0'e,Serge,Sturte
rscrauniagel3,wH5&)(J1+4(G,Reeba,Scrauniage
valecockl4,eN2`Pa?EX.@UU,Valdemar,Alecock
fgooldenl5,vY6+wA4v|},Fern,Goolden
lsandsl6,"rH7""kM!!xL",Lizabeth,Sands
celtonl7,kS0$_rC&,Carri,Elton
dhelel8,"pD3,=.($E)%_jhbY",Diana,Hele
dhackleyl9,mB5*LnThq5d<dwi`,Daile,Hackley
bablottla,"mS8""""iE3?s0bq",Brent,Ablott
cdurielb,eO6|.fN#BAoz,Coop,Durie
visacklc,jG7=++35ui),Verina,Isack
ckitmanld,gP9`+5RI,Christie,Kitman
sandrellile,hL4|Q|mvzS9,Shannon,Andrelli
vtollidaylf,sN4@iCNq,Veronique,Tolliday
tcollerlg,zO0/3KHB3sA,Tammie,Coller
mmaticlh,"iP6""_ESN*=5",Mead,Matic
udebooli,pN0~BN.6DKH?{9y@,Uriel,Deboo
ballsopplj,uR6~H|u_Vri9R,Becki,Allsopp
bsewelllk,"wY7=>zN""",Bernice,Sewell
tcrumptonll,jR3.Bq&5Yeh,Tanitansy,Crumpton
ogisburnelm,eS0>fGUud|>?yz,Oliviero,Gisburne
mschenkelln,lC7*y&mt,Merci,Schenkel
gsteptolo,uA4`as/t,Gino,Stepto
otaplinlp,eY8\g%F7k}tC,Ody,Taplin
mdudneylq,fE2*)2!=#5L,Molli,Dudney
rborgnollr,"fO4|H!y'""$=SfQQk",Robbi,Borgnol
lsymonls,qH9/jidGUGDtm7)2,Lucho,Symon
jbautistelt,tG5{H1OH&eX@zZ,Jeanna,Bautiste
bschielllu,hX8/#>$d,Burtie,Schiell
eleverittlv,nY5<xxRniN(%,Edan,Leveritt
itewelsonlw,hL8+A!)6Has~4,Isidor,Tewelson
sreihilllx,"cP5""Vm6uI",Stefa,Reihill
churburtly,pS3<FNq|Kf,Care,Hurburt
rrenshalllz,oY9?3){k0E|,Raul,Renshall
dsturmanm0,bK0%lEK81'5/(&=,Danette,Sturman
srowberrym1,"tH7,ZYN<8",Shepperd,Rowberry
ecarberym2,lY5'F`1Z,Earle,Carbery
lletessierm3,"gP0*""%f63'?~*",Lorne,Letessier
khurchm4,"iQ5~I&M""mEx`F`8",Keri,Hurch
acolhounm5,yZ0@#UPN<2,Andee,Colhoun
sbellonm6,kQ5)S8|$.(,Stephie,Bellon
dwarboysm7,iZ8/|9<pdlH,Darb,Warboys
utillingm8,"fK0'6,N0&",Ulrika,Tilling
cdennessm9,zN0*W|QBII7Q1,Cordie,Denness
rdelucema,lT0#AwkgO\`,Raymond,Deluce
hmckevanymb,jV2+'!=!HMV?XS+{,Hilda,McKevany
jtinseymc,pF2'HI)gr8dW,Julianna,Tinsey
sseabrookemd,iO8!la@K',Sophia,Seabrooke
ldeavenellme,oK3)LR(>,Lucinda,De Avenell
mbyersmf,wS8`$<b8Cz5u_noD,Marylinda,Byers
nbeasantmg,vD7\X6.L%<mc7a,Norri,Beasant
dstanesmh,tI7$DJiV8skCEKw',De witt,Stanes
thrishanokmi,pE5|t?10~P1u2,Trude,Hrishanok
dkimmerlingmj,dI4.GlR3vOd,Darb,Kimmerling
ncockerellmk,"gI2{\fxj=p4V""C",Nils,Cockerell
mcammellml,gJ3~zy9sL3w@0&,Madelaine,Cammell
lshanksmm,yE9?4Zxs4)hnVY{,Lamar,Shanks
apomphrettmn,cT8'$*A5,Aguie,Pomphrett
iwimburymo,"oM6.DuD?By#v""U",Iris,Wimbury
adictemp,yY0}iQ4e~t_,Auroora,Dicte
sburburymq,hY1}M?))YA%p*M,Sigfried,Burbury
bcleavemr,mD2*9(O%IZHEL}#T,Bartholomeus,Cleave
ualdinems,dB6*Chsa,Una,Aldine
ilumlymt,mQ9<sr}n1(,Igor,Lumly
jrutiglianomu,uQ8=DqkGvZcg8,Jany,Rutigliano
tsliddersmv,"vY7!,{deDca3F8f6",Tammara,Slidders
dkimminsmw,"gS5(RY3<9@!,WS2~",Donnamarie,Kimmins
rperviewmx,aH9=+oZYVRA,Rosette,Perview
wglencrashmy,"gL3_v0&Wu`,",Wilmette,Glencrash
hmowlemz,"qD0>4vyaEUMoP,X",Husain,Mowle
eraltonn0,kC7+zWyZVm0@k9,Emanuele,Ralton
fmabeyn1,dS2$9=Gx%\CiYCPO,Farrah,Mabey
ggouleyn2,hT8&~KPjcw,Gibb,Gouley
sslocumbn3,lN6'h%)qw\7,Sayer,Slocumb
mvanrembrandtn4,iA9!C\NPf,Montgomery,Van Rembrandt
aaubryn5,wU7.fj7Ie,Anjanette,Aubry
rdiehnn6,"fM8,1Z6H|!YuxI",Rubia,Diehn
ecicceralen7,rF3#+@ez42uSYmE,Emilie,Ciccerale
mtathacottn8,"gT6`@OH=l"")5>",Martica,Tathacott
htowsen9,"xO3?\Q0q""Z49",Hobard,Towse
cmcgrannna,uV2!LT=Kg\v|q)|J,Cleo,McGrann
bbracchinb,"eY8+~m\{#E3~~""5'",Broderic,Bracchi
mblakslandnc,kG8$/R>J*D25,Marcos,Blaksland
clilleymannd,vX7}6gb*9O,Cordie,Lilleyman
cmacteggartne,"wV1|zoG1{d(?""c",Culley,MacTeggart
ngrinstonnf,fS2#8}`>UwFn$X`h,Nevsa,Grinston
jbennisng,"dF1,ofzeF\",Jason,Bennis
wmacgheenh,fY5%xXjD8\j,Welsh,MacGhee
cburgneni,jG2{jLk3I%FJL.\,Charity,Burgne
eborenj,hP3&9A/@,Elwyn,Bore
mgrellisnk,eL5!%8U>l3!,Magda,Grellis
sfullowaynl,lM3)_F{HM9fBvo,Shela,Fulloway
vlutwidgenm,wM8(a47aS1e*,Viviene,Lutwidge
vmartnn,zV3?VEs)f,Valentino,Mart
gwinterscaleno,"uX2(+|,Ci",Gay,Winterscale
eselleknp,"jS4$),%.R",Emmy,Sellek
mscarenq,"vL3>d+O""L'f",Marleen,Scare
glassellenr,fE6*|!g&,Goddart,Lasselle
wmarlorns,dC2''bquX`N5FMV,Wyndham,Marlor
dfeatonbynt,fD6$}DAg/@*`{m!K,Daryle,Featonby
mgeallenu,fH0(E>hed+Q,Myron,Gealle
kaleninnv,dL4/FHacs,Krystyna,Alenin
bthurlbornnw,iB0<9PnD,Bertie,Thurlborn
ldowsenx,eH4_*@/+!e?@ECD,Leoine,Dowse
bmorphetny,fV2/'m9cx$ox%rI,Bili,Morphet
ebullicknz,"fB2*B,><2(Dlg45",Elmer,Bullick
otrudgiano0,gA4_TGDo_#\76,Obadiah,Trudgian
vranaldo1,"xO6?1@WOmso'oQ5,",Valentina,Ranald
cdruitto2,uY0){1L1&Ma}=r=C,Cori,Druitt
bmilborno3,"zH8/(F!,sw?s",Bettina,Milborn
lburgoineo4,aQ0_@y6uqc4,Lenci,Burgoine
mcuniamo5,"yU8%8,s0vbq",Marcille,Cuniam
hmcconachieo6,"zM6}SU8c,p3(",Honor,McConachie
lbiero7,"pC5""lVwVYT\_",Lilian,Bier
gbeggio8,aA9+_\JB)U,Gwenore,Beggi
spayloro9,iX6##Ycv&!X9,Sapphire,Paylor
rweldenoa,iK4\D.#(sx}`,Ranique,Welden
njackalinob,xB7$bMcrhj_j,Nyssa,Jackalin
lvibertoc,pR0%svrN,Lance,Vibert
vfoyod,"jU5{&l9,{hWnk",Vallie,Foy
umacallenoe,mU2=<_9s>,Ulrick,MacAllen
cjennensof,sS9&KafZ9S@%2,Carri,Jennens
etrebbleog,"oV7.?.&R.,vrTMG",Eberto,Trebble
mdolbeyoh,bF0$_`mE?hd)%l7L,Morris,Dolbey
blarcheroi,"aL8!{)*E,e%'",Boot,Larcher
tklaesoj,vW8)XD9|o4,Tedd,Klaes
rcurrook,tZ2`gHEL&wpYQ,Roxy,Curro
stejerool,"cB5<jHtvg""<!",Stefanie,Tejero
tantalom,xP3_&ZF1.._Sq',Thurston,Antal
fspellecyon,fK6?}fmG,Fred,Spellecy
gantoinetoo,oJ8(%VDD/q,Gerry,Antoinet
khuddlestoneop,cD9|%GNM',Karalee,Huddlestone
cavisoq,eS8<7Maj,Che,Avis
afuryor,pW7_!G&5YL,Aubert,Fury
vleveretos,"cC8/UKw0=QUr,nl",Vernon,Leveret
sesselot,hV4!.m6O_tc,Stacee,Essel
zpaprotnyou,qK2{Ui9rMT,Zsazsa,Paprotny
ctofanoov,"oS5*Ij{""!wYjzZY",Clerc,Tofano
emcknielyow,mY9$<c%@#{mP,Eddie,McKniely
lmeatyardox,"fM4<VFm`L5,",Lindi,Meatyard
bbernardonioy,tO5@FJN2,Brook,Bernardoni
mdemezaoz,pH5`VI.&|oFI(3,Mozes,Demeza
malisonp0,"hP8?~uM,",Marlie,Alison
nastlep1,rE3>csZVueU8|o,Nick,Astle
lcrudgintonp2,"tU8,O(tpI",Latashia,Crudginton
tlethbridgep3,gN3`aUJp>sl,Toddie,Lethbridge
wkarbyp4,nU3!\s~ua>,Woodman,Karby
jbenyanp5,yG1`69+?,Joannes,Benyan
vroydsp6,nF2\R*P1,Vincent,Royds
aplatfootp7,lG5$#`Fj7a/Z,Arne,Platfoot
ldaymentp8,tI5+*U%~P`%{j,Larissa,Dayment
gmacdonoughp9,fF0(QOi5lpQN,Genvieve,MacDonough
corteltpa,"mL7,x(nxgq)@G",Cortney,Ortelt
dpollastrinopb,xT8=!gB=y#+hf+SD,Devon,Pollastrino
vvallerypc,sV8))=u7p/bk',Vasili,Vallery
acanapepd,iA8|SIu%w9'GUC=J,Alfonso,Canape
ksomnerpe,"iJ0,X#l6&|lM`{%",Kikelia,Somner
bsichpf,eJ1#eNLn_DL,Brianna,Sich
iaistonpg,"oS8'uXcGcv""s2",Inigo,Aiston
jlongmireph,wT5!3$TO/i,Jeremy,Longmire
bboathpi,wT3|#q8d%I}},Bertha,Boath
sswiffanpj,cJ2=!Nwkvo/kFV@%,Sandi,Swiffan
dwatfordpk,cQ7)31a>n,Duffy,Watford
jcopppl,"gI5(QWv@U,",Julissa,Copp
dkerbypm,yJ1\0WSD,Donia,Kerby
slongpn,sT4(AS>rDPGO1hs,Silvio,Long
btitterellpo,wD6%w'!vnM.N,Bambie,Titterell
kfrickerpp,"vR2""Jq1Y9@u/i|r",Kellina,Fricker
rferreirapq,yQ8_`F*/+x|3J*,Richie,Ferreira
nvoycepr,fP4>dcTpNB,Nathanial,Voyce
dcerieps,fJ2%Qd+O0A&J,Deane,Cerie
ysnewinpt,iY9%zukg0QD,Yvor,Snewin
vcaldecuttpu,vH7|Iqei*YY6v,Velvet,Caldecutt
zpensonpv,"yB5,uD56@7g5",Zarla,Penson
aspirpw,rY3=W0M?vYc$H26.,Alejandro,Spir
jclementuccipx,hW8?og\X,Jasper,Clementucci
criccioppopy,iL2/EPYXB8S.<,Crissy,Riccioppo
lpeschmannpz,"gC3,sOS|{Mf",Loren,Peschmann
lbarenskieq0,lS9~7U8S~G,Lannie,Barenskie
hgillingq1,wX7~=9IJ~O&xt,Hamilton,Gilling
ghancornq2,hF4!yU'Q01Ml=q,Gennie,Hancorn
glocardq3,vB0!=8LqEcGd,Gian,Locard
cswangerq4,tV3~XLnx,Carleen,Swanger
ajeppsq5,iM6~l_.TO,Alexa,Jepps
ladamoliq6,"hS4.%""dy",Laetitia,Adamoli
lsonq7,bO2@?v&Dn+b8G!,Llywellyn,Son
wreignoldsq8,"qG1,$Bzlz`x>sE",Wynny,Reignolds
lcleghornq9,iY8!2>gdiSzl7?SQ,Lisa,Cleghorn
apickerqa,"rF6=>{'""C",Arther,Picker
smcilheranqb,"uZ8""zUa1QAo""uRkf",Salmon,McIlheran
alegroveqc,qT7_lRfEny,Annabelle,Le Grove
ddorotqd,bG3/twAyd.p(?,Damiano,Dorot
bcavozziqe,"uM8@w*BO*F6f~Z""1",Barde,Cavozzi
mgreenroydqf,bI3_%6pfTc4)xjW1,Mischa,Greenroyd
wtearnyqg,zW7)uDl@,Wendi,Tearny
cyannikovqh,zG3=YYcO`m\p,Cirstoforo,Yannikov
bmewhaqi,xT2`O~Z%R(jtV,Bailie,Mewha
cschoenleiterqj,sA6!~XFdp3E}ssNp,Constantine,Schoenleiter
jbootherqk,aX4~2zp_6+,Jehu,Boother
mhalgarthql,tC3=!OKN,Meggie,Halgarth
jcereceresqm,"vO2""GWg!Rr|LV",Jeralee,Cereceres
bcorrieqn,lJ4<&PxL.#,Bryon,Corrie
isidebothamqo,"nT1$lxDe(CD$H""z",Inigo,Sidebotham
mwozencraftqp,eT6.Xx*l~=FcD?v,Mordy,Wozencraft
rdegenhardtqq,hN7.bBt}x&mrz,Rafaelita,Degenhardt
cmarlerqr,"qR1|Q""sV9h)W",Charmain,Marler
amatyushenkoqs,"kV5\wKt""=\vE&$",Angel,Matyushenko
jhuggenqt,zE3|GY_k_d,Jenilee,Huggen
pcattlowqu,zC0!NM'C}+?_~W,Peria,Cattlow
tjessopqv,uN8<A%ovFxA+,Tim,Jessop
ederrellqw,vZ5+J?6W~Q>(,Eloisa,Derrell
bhabbemaqx,kN0}e9)Bl1$AgO,Benn,Habbema
jrenahanqy,uR4|4'zc!,Jane,Renahan
scouleqz,"gE6_t#\""~`tXStTW",Sauveur,Coule
ccapseyr0,oK6)OTw)(J/4Xa},Costa,Capsey
opreistr1,mL1.Sp2B,Oralla,Preist
gamissr2,"uZ4?8i*z~NYaO?""W",Gregorio,Amiss
cdoughartier3,bR2|R<*h!$ZK`Rf,Casper,Doughartie
dcheaterr4,xN4@&3iq>`1/M,Donetta,Cheater
dmichelottir5,qV8>`aOG,Dorene,Michelotti
qbaudinor6,bI3|aQA`o,Quintana,Baudino
ckiffinr7,dG4+GETpnP(`}iB,Clarita,Kiffin
beveristr8,bM3`<eU4,Bernardina,Everist
ptowardr9,nX1$c6iltv6tP,Perren,Toward
lbeggra,"wI2""{+1?I%$8a+",Lucho,Begg
kshillabeerrb,"nV8""Mtcqz1sh0a",Kippar,Shillabeer
rfaulknerrc,fQ4/+L/kUEXlMDI`,Ryan,Faulkner
ddybellrd,cN9+zQEw!,Darice,Dybell
frobottomre,yR4~5avp86&#bsbj,Findley,Robottom
mhiddyrf,"cH0""j<n{y",Merla,Hiddy
cbullockrg,sS0@EoHVvO*,Chlo,Bullock
asloanerh,hV7}*sh$K08\H(,Allis,Sloane
ggreedierri,nG4.iG=g9~do1zD,Guinevere,Greedier
fmcowisrj,nA8>0ju!9m$I0kiS,Florida,M'cowis
brabbagerk,wF2|Vn0PxC,Beck,Rabbage
jbougourdrl,pL5$j/WUsG8{jX`N,Jeanine,Bougourd
tharlandrm,aN7#D%4boxFg3,Trixie,Harland
wmorsomrn,kF1(FHFW,Wanda,Morsom
ysalvadorro,mP7``(RHRK?e0og,Yelena,Salvador
rmellhuishrp,bF2&z6cl,Roxanna,Mellhuish
hminihanrq,"uD9+KG*Z,I%'Z2",Harper,Minihan
dnorburyrr,mY2'u?@'(jp!=y$&,Dora,Norbury
